filename,true_location,compared_to,similarity,is_same_location
clip_001.wav,location_C,location_A,0.9941254382579725,False
clip_001.wav,location_C,location_B,0.9976333899425489,False
clip_001.wav,location_C,location_C,0.9999619944970434,True
clip_001.wav,location_C,location_D,0.9997955507102365,False
clip_001.wav,location_C,location_E,0.999931348516721,False
clip_001.wav,location_C,location_F,0.999669705680587,False
clip_001.wav,location_C,location_G,0.9992694401251486,False
clip_002.wav,location_C,location_A,0.9939534055363752,False
clip_002.wav,location_C,location_B,0.9975800602073187,False
clip_002.wav,location_C,location_C,0.9999533434437199,True
clip_002.wav,location_C,location_D,0.9998746862162209,False
clip_002.wav,location_C,location_E,0.9999167265886839,False
clip_002.wav,location_C,location_F,0.9997422439856571,False
clip_002.wav,location_C,location_G,0.9992913952287862,False
clip_003.wav,location_C,location_A,0.9948561128741322,False
clip_003.wav,location_C,location_B,0.9980802895257882,False
clip_003.wav,location_C,location_C,0.9999810419328555,True
clip_003.wav,location_C,location_D,0.9998861143106026,False
clip_003.wav,location_C,location_E,0.9999770085901191,False
clip_003.wav,location_C,location_F,0.9997598447890286,False
clip_003.wav,location_C,location_G,0.9994826353254319,False
clip_004.wav,location_C,location_A,0.9931893081839565,False
clip_004.wav,location_C,location_B,0.997087255243857,False
clip_004.wav,location_C,location_C,0.9998727626165866,True
clip_004.wav,location_C,location_D,0.9997563383711349,False
clip_004.wav,location_C,location_E,0.9998232081689964,False
clip_004.wav,location_C,location_F,0.9996009043038039,False
clip_004.wav,location_C,location_G,0.9990299480662962,False
clip_005.wav,location_C,location_A,0.994605662044713,False
clip_005.wav,location_C,location_B,0.9979431575278365,False
clip_005.wav,location_C,location_C,0.9999877533765873,True
clip_005.wav,location_C,location_D,0.9999128683253842,False
clip_005.wav,location_C,location_E,0.999948515528786,False
clip_005.wav,location_C,location_F,0.9997922421939399,False
clip_005.wav,location_C,location_G,0.9994569831629136,False
clip_006.wav,location_C,location_A,0.9928725212444026,False
clip_006.wav,location_C,location_B,0.996914523017967,False
clip_006.wav,location_C,location_C,0.9998293723212007,True
clip_006.wav,location_C,location_D,0.9997058245465661,False
clip_006.wav,location_C,location_E,0.9997814125130562,False
clip_006.wav,location_C,location_F,0.9995761217917252,False
clip_006.wav,location_C,location_G,0.998953751968908,False
clip_007.wav,location_C,location_A,0.9938204453906231,False
clip_007.wav,location_C,location_B,0.9974691020738424,False
clip_007.wav,location_C,location_C,0.9999400316711117,True
clip_007.wav,location_C,location_D,0.9998288155160658,False
clip_007.wav,location_C,location_E,0.9999311142368034,False
clip_007.wav,location_C,location_F,0.9996647022229743,False
clip_007.wav,location_C,location_G,0.9992046206024366,False
clip_008.wav,location_C,location_A,0.9939988346409444,False
clip_008.wav,location_C,location_B,0.9975964961168641,False
clip_008.wav,location_C,location_C,0.9999418168614553,True
clip_008.wav,location_C,location_D,0.9998207306514036,False
clip_008.wav,location_C,location_E,0.9999567294542945,False
clip_008.wav,location_C,location_F,0.9996822080669286,False
clip_008.wav,location_C,location_G,0.9992629632074255,False
clip_009.wav,location_C,location_A,0.9941935450958346,False
clip_009.wav,location_C,location_B,0.9977208058790239,False
clip_009.wav,location_C,location_C,0.9999597497592729,True
clip_009.wav,location_C,location_D,0.9998107079396291,False
clip_009.wav,location_C,location_E,0.9999697534211199,False
clip_009.wav,location_C,location_F,0.999704273607371,False
clip_009.wav,location_C,location_G,0.9993245243208471,False
clip_010.wav,location_C,location_A,0.9957227851124074,False
clip_010.wav,location_C,location_B,0.9985683684753514,False
clip_010.wav,location_C,location_C,0.9998835559764004,True
clip_010.wav,location_C,location_D,0.9998042166598406,False
clip_010.wav,location_C,location_E,0.9999293132810012,False
clip_010.wav,location_C,location_F,0.9997089923348754,False
clip_010.wav,location_C,location_G,0.9996209569176249,False
clip_011.wav,location_C,location_A,0.9944450522776617,False
clip_011.wav,location_C,location_B,0.9978744832424326,False
clip_011.wav,location_C,location_C,0.9999577290865115,True
clip_011.wav,location_C,location_D,0.9998881828328057,False
clip_011.wav,location_C,location_E,0.9999766525743135,False
clip_011.wav,location_C,location_F,0.9997485502279397,False
clip_011.wav,location_C,location_G,0.999404468709023,False
clip_012.wav,location_C,location_A,0.9936346910815209,False
clip_012.wav,location_C,location_B,0.9973861687977534,False
clip_012.wav,location_C,location_C,0.9999080307197424,True
clip_012.wav,location_C,location_D,0.9998395241885163,False
clip_012.wav,location_C,location_E,0.9998769845239055,False
clip_012.wav,location_C,location_F,0.9996912788987734,False
clip_012.wav,location_C,location_G,0.9992004512149734,False
clip_013.wav,location_C,location_A,0.9949365555193458,False
clip_013.wav,location_C,location_B,0.9981273751069807,False
clip_013.wav,location_C,location_C,0.9999630391108238,True
clip_013.wav,location_C,location_D,0.9998634432188389,False
clip_013.wav,location_C,location_E,0.9999757256190557,False
clip_013.wav,location_C,location_F,0.999741493819808,False
clip_013.wav,location_C,location_G,0.9994898209493001,False
clip_014.wav,location_C,location_A,0.9939860938185767,False
clip_014.wav,location_C,location_B,0.9976091675399253,False
clip_014.wav,location_C,location_C,0.9999473882286359,True
clip_014.wav,location_C,location_D,0.9998234633472626,False
clip_014.wav,location_C,location_E,0.9999140662755159,False
clip_014.wav,location_C,location_F,0.9997318663793976,False
clip_014.wav,location_C,location_G,0.9992968352288177,False
clip_015.wav,location_C,location_A,0.994933753397035,False
clip_015.wav,location_C,location_B,0.9981440039554674,False
clip_015.wav,location_C,location_C,0.9999422108940159,True
clip_015.wav,location_C,location_D,0.9998992595786177,False
clip_015.wav,location_C,location_E,0.9999708790956627,False
clip_015.wav,location_C,location_F,0.9997614818637764,False
clip_015.wav,location_C,location_G,0.9995076971593058,False
clip_016.wav,location_C,location_A,0.995850232535459,False
clip_016.wav,location_C,location_B,0.9986127552226312,False
clip_016.wav,location_C,location_C,0.9998685097765972,True
clip_016.wav,location_C,location_D,0.9997502944073933,False
clip_016.wav,location_C,location_E,0.9999039866541097,False
clip_016.wav,location_C,location_F,0.9996765273623889,False
clip_016.wav,location_C,location_G,0.999615666266097,False
clip_017.wav,location_C,location_A,0.9938433626056642,False
clip_017.wav,location_C,location_B,0.9975067164613501,False
clip_017.wav,location_C,location_C,0.9999391168575873,True
clip_017.wav,location_C,location_D,0.9998371287804462,False
clip_017.wav,location_C,location_E,0.9999329693805988,False
clip_017.wav,location_C,location_F,0.9996896298374437,False
clip_017.wav,location_C,location_G,0.9992338225899151,False
clip_018.wav,location_C,location_A,0.9957995737262452,False
clip_018.wav,location_C,location_B,0.9985771718433136,False
clip_018.wav,location_C,location_C,0.9998462572480243,True
clip_018.wav,location_C,location_D,0.9997711957300696,False
clip_018.wav,location_C,location_E,0.9999003339229384,False
clip_018.wav,location_C,location_F,0.9996574479852716,False
clip_018.wav,location_C,location_G,0.9995912018089231,False
clip_019.wav,location_C,location_A,0.9913011793336644,False
clip_019.wav,location_C,location_B,0.9958815124514471,False
clip_019.wav,location_C,location_C,0.9995037763496071,True
clip_019.wav,location_C,location_D,0.9993644876402585,False
clip_019.wav,location_C,location_E,0.9994445416706583,False
clip_019.wav,location_C,location_F,0.9991764513980803,False
clip_019.wav,location_C,location_G,0.9983340018021614,False
clip_020.wav,location_C,location_A,0.9934218666709188,False
clip_020.wav,location_C,location_B,0.997248289646219,False
clip_020.wav,location_C,location_C,0.9998981690129874,True
clip_020.wav,location_C,location_D,0.9997696153026444,False
clip_020.wav,location_C,location_E,0.9998939696862367,False
clip_020.wav,location_C,location_F,0.9996096331679423,False
clip_020.wav,location_C,location_G,0.9990971959622577,False
clip_021.wav,location_C,location_A,0.993047570820752,False
clip_021.wav,location_C,location_B,0.9970401539870432,False
clip_021.wav,location_C,location_C,0.9998502010868549,True
clip_021.wav,location_C,location_D,0.9997172259589894,False
clip_021.wav,location_C,location_E,0.9998453798675195,False
clip_021.wav,location_C,location_F,0.9995786948955526,False
clip_021.wav,location_C,location_G,0.9990038561753302,False
clip_022.wav,location_C,location_A,0.9959802861012413,False
clip_022.wav,location_C,location_B,0.9986762939469733,False
clip_022.wav,location_C,location_C,0.9998004000418574,True
clip_022.wav,location_C,location_D,0.9997034861407667,False
clip_022.wav,location_C,location_E,0.9998700737690215,False
clip_022.wav,location_C,location_F,0.999641765289466,False
clip_022.wav,location_C,location_G,0.9996166097226401,False
clip_023.wav,location_C,location_A,0.9935576278141157,False
clip_023.wav,location_C,location_B,0.9973563767913762,False
clip_023.wav,location_C,location_C,0.9998947156350853,True
clip_023.wav,location_C,location_D,0.9997038460521306,False
clip_023.wav,location_C,location_E,0.9999094129180509,False
clip_023.wav,location_C,location_F,0.9996093499310507,False
clip_023.wav,location_C,location_G,0.9991302332189949,False
