location,source_files,clip_index,noise_floor_rms,speech_rms,snr_estimate_db,spectral_flatness_mean,spectral_centroid_mean,zcr_mean,zcr_std,energy_dynamic_range,band_energy_ratio_mean,cluster_id,label,distance_to_centroid
unlabeled,20260604_145245_744.amr+20260604_145302_351.amr,0,0.0133726624771952,0.0385954901576042,9.20637350810272,0.1951899194839913,973.0957407627004,0.059974230825901,0.0305834989994764,0.0591084212064743,0.1949602068322091,2,quiet,2.4671564707381637
unlabeled,20260604_145302_351.amr+20260605_100710_722.amr,1,0.0101499017328023,0.0308405719697475,9.653211668149446,0.1557089090272403,853.4894371986703,0.0581976994872093,0.0502255782485008,0.0393244586884975,0.1369577214281239,2,quiet,2.77174328802517
unlabeled,20260605_100710_722.amr+20260605_100756_942.amr+20260605_100821_171.amr+20260605_100849_430.amr,2,0.1049706861376762,0.1942428648471832,5.345540772116909,0.2880393519386685,1911.2746915575756,0.1667321026325225,0.0427342355251312,0.2003725469112396,0.1626380481560582,1,noisy,4.040894454639705
unlabeled,20260605_100849_430.amr+20260605_101553_661.amr+20260605_101604_261.amr,3,0.1227424293756485,0.1862944066524505,3.62410201635512,0.3344892281395419,2062.3738070395384,0.1958107948303222,0.0572519525885582,0.1679804921150207,0.2272631622753591,1,noisy,4.302658040973029
unlabeled,20260605_101604_261.amr+20260605_101758_177.amr+20260605_101847_801.amr+20260605_173540_067.amr,4,0.1102907583117485,0.1762941032648086,4.073973264711277,0.3307011544613633,2119.00793844618,0.1984680593013763,0.0471586212515831,0.1903915852308273,0.227034776137039,1,noisy,4.328978860264707
unlabeled,Demo audio 1.wav+Metro10_amr.amr,7,0.0044448859989643,0.0835174694657325,25.47833381834713,0.1591423780974109,831.1278129678363,0.0529536716639995,0.0619005784392356,0.1030120402574539,0.1742224878230425,2,quiet,8.633165282519215
unlabeled,Metro10_amr.amr,8,0.0619034543633461,0.0928588360548019,3.522167021053675,0.1601964352884357,699.3343950276368,0.0331602096557617,0.010264060460031,0.0609022788703441,0.2306636618438354,1,noisy,1.2171883502069027
unlabeled,Metro10_amr.amr,9,0.0825159177184104,0.1192557960748672,3.1988352305835352,0.1398877944020788,642.1793750104046,0.0367786921560764,0.0070899478159844,0.0727124288678169,0.3835883661472103,1,noisy,1.4840461635829603
unlabeled,Metro10_amr.amr,10,0.0859562680125236,0.1239140406250953,3.1768593462376096,0.1332651237951017,643.0679226397278,0.0383790843188762,0.0098237050697207,0.0755634233355522,0.3869466679852948,1,noisy,1.490326248601982
unlabeled,Metro10_amr.amr,11,0.0884615555405616,0.1262867003679275,3.092060881283041,0.1287251197535692,619.4475467746398,0.0376594103872776,0.0072633796371519,0.0748347043991088,0.4019196418912716,1,noisy,1.637225969711899
unlabeled,Metro10_amr.amr,12,0.0907292664051055,0.1382558345794677,3.658721372291544,0.1279056473326529,613.3678226788255,0.0373524166643619,0.0054459450766444,0.0946469977498054,0.3958689703272934,1,noisy,1.50328864467723
unlabeled,Metro10_amr.amr,13,0.0794966742396354,0.1257888376712799,3.98586287376186,0.1462602148052784,656.6749325606579,0.0355305969715118,0.0081332176923751,0.0903719216585159,0.2898950561011822,1,noisy,0.6386958892737032
unlabeled,Metro10_amr.amr,14,0.0845236480236053,0.1457337141036987,4.731636004265075,0.1287126775642374,739.7827830081268,0.0491489730775356,0.0451810099184513,0.1154474169015884,0.4005209742113046,1,noisy,1.7619376280548797
unlabeled,Metro10_amr.amr,15,0.0807393789291381,0.1402786523103714,4.798123605317485,0.1173311313075882,756.9685949448605,0.0465420559048652,0.0267553627490997,0.1239531934261322,0.2221646411513217,1,noisy,0.84863719530901
unlabeled,Metro10_amr.amr,16,0.0593540854752063,0.1308774948120117,6.868287103709653,0.1476246514513916,768.6544244689953,0.0434620715677738,0.026483841240406,0.1454219669103622,0.1977356433371397,1,noisy,1.714720403112591
unlabeled,Metro10_amr.amr,17,0.0605163462460041,0.1523638516664505,8.020184867119628,0.1681967664138455,790.6318348237761,0.0423297174274921,0.0297222826629877,0.1670719981193542,0.1140967663669279,1,noisy,2.557844479972903
unlabeled,Metro10_amr.amr,18,0.0479710698127746,0.1211046203970909,8.043626165982548,0.2084582265918452,865.4955186820021,0.0368340536952018,0.0187676846981048,0.1477269828319549,0.0616499114141649,1,noisy,2.565251400033617
unlabeled,Metro10_amr.amr,19,0.0458866469562053,0.0754260122776031,4.31669646295169,0.2172051862393279,967.6370577241936,0.0417962558567523,0.0262415017932653,0.0545116253197193,0.0614450039614032,1,noisy,2.1872502256260855
unlabeled,Metro10_amr.amr+Metro11_amr.amr,20,0.0647522434592247,0.1264174431562423,5.811043640727474,0.2129569996688613,858.6139899242148,0.0432053990662097,0.0177050866186618,0.1135261952877044,0.2299280041504977,1,noisy,0.9438786259269086
unlabeled,Metro11_amr.amr,21,0.0919736176729202,0.1431638598442077,3.8434025890551777,0.1395278489661091,632.7292322367778,0.0335829555988311,0.0090834414586424,0.100886583328247,0.236805078015248,1,noisy,0.6867506439815046
unlabeled,Metro11_amr.amr,22,0.1229235529899597,0.1798521280288696,3.3056095209960152,0.102092215091737,554.4388638950571,0.0368944443762302,0.0086120907217264,0.1177232861518859,0.4217102729318403,1,noisy,2.4535097910848576
unlabeled,Metro11_amr.amr,23,0.1104773432016372,0.1785822659730911,4.171302150175175,0.1094116115257985,600.0622472625842,0.0401807725429534,0.0100071085616946,0.1397490203380584,0.5409810321320182,1,noisy,3.025614641381769
unlabeled,Metro11_amr.amr,24,0.1039509028196334,0.1483902633190155,3.09154279612019,0.1186440016701896,660.5830656560058,0.0469849295914173,0.0096259023994207,0.0967980697751045,0.5160886568209143,1,noisy,2.5198616581329065
unlabeled,Metro11_amr.amr,25,0.0993353426456451,0.1401471048593521,2.989606725931128,0.1347999987485409,670.5165997693829,0.0410312935709953,0.0117190387099981,0.0784608274698257,0.415117328483914,1,noisy,1.7996610422244936
unlabeled,Metro11_amr.amr,26,0.1094843223690986,0.1726138293743133,3.9544730488649926,0.1278457105098573,651.7875483379852,0.043542593717575,0.012680678628385,0.1215847730636596,0.4737326206143139,1,noisy,2.425752954408224
unlabeled,Metro11_amr.amr,27,0.1146478056907653,0.1803851127624511,3.936698903102704,0.0929311071196586,506.8225867902488,0.0317057706415653,0.0070524024777114,0.1341418027877807,0.3054822028785862,1,noisy,1.981525224762858
unlabeled,Metro11_amr.amr,28,0.1025575026869773,0.1628018915653228,4.01384018682165,0.0820631887724089,484.68406152235553,0.0325663536787033,0.0062842392362654,0.1166216358542442,0.3017428060137607,1,noisy,1.5027534154141549
unlabeled,Metro11_amr.amr+Metro1_amr.amr,29,0.0544701181352138,0.1012375056743621,5.38366237545119,0.2088884754042472,871.2792338429589,0.0327575951814651,0.0123399039730429,0.0887278169393539,0.0984560862022133,1,noisy,1.4713736518787337
unlabeled,Metro1_amr.amr,30,0.0430279336869716,0.0658109337091445,3.690951230418654,0.2187496501164259,913.9206909048468,0.0348260179162025,0.0121742412447929,0.0479229800403118,0.0761102875702389,1,noisy,2.304673231471289
unlabeled,Metro1_amr.amr,31,0.0446372255682945,0.0754045695066452,4.554009426200584,0.2201167152160386,898.9214372201296,0.0338849127292633,0.0133454855531454,0.0591782666742801,0.0676021416035581,1,noisy,2.1109108068364986
unlabeled,Metro1_amr.amr,32,0.0476231649518013,0.0779298841953277,4.277715520860416,0.2147427998583933,886.2459809737119,0.0320530235767364,0.0115960100665688,0.0594867244362831,0.0713873555534339,1,noisy,2.0150634364000943
unlabeled,Metro1_amr.amr,33,0.0797369331121444,0.1289461553096771,4.174977397297063,0.1982297298559211,877.8369054883078,0.0384445041418075,0.0169558431953191,0.0960999429225921,0.1194205696660719,1,noisy,0.8684088651309116
unlabeled,Metro1_amr.amr,34,0.1130837798118591,0.1821065992116928,4.138507353493795,0.1588402735291177,716.9571616409614,0.0332356989383697,0.0191768333315849,0.1285986602306366,0.1102020172123425,1,noisy,1.9078971075671922
unlabeled,Metro1_amr.amr,35,0.1298276782035827,0.199841096997261,3.746350290624305,0.1121154090038309,525.8364420488781,0.0228986125439405,0.0070751784369349,0.1427970081567764,0.0584599993160011,1,noisy,2.774716101306456
unlabeled,Metro1_amr.amr,36,0.109505757689476,0.1877447217702865,4.682615629895334,0.1251069029826726,582.5478910141219,0.0297581311315298,0.0083630448207259,0.1645916849374771,0.144669510400978,1,noisy,2.272990833879864
unlabeled,Metro1_amr.amr,37,0.1066909953951835,0.1807509064674377,4.5790543362043294,0.1492851925302489,653.6412164631043,0.0314491018652915,0.0089236414059996,0.1419965475797653,0.1480522691024371,1,noisy,1.8244082911199768
unlabeled,Metro1_amr.amr,38,0.0682422295212745,0.1147338524460792,4.512767377730888,0.2235472746295731,932.334157059457,0.0447604916989803,0.014874049462378,0.0901968777179718,0.2269988610935418,1,noisy,0.6189151016329748
unlabeled,Metro1_amr.amr,39,0.0781730636954307,0.1178826168179512,3.567852699557897,0.1994081440052613,860.4399536908671,0.0370504595339298,0.0115282190963625,0.0832502171397209,0.1689879659461726,1,noisy,0.6862733306528355
unlabeled,Metro1_amr.amr,40,0.0586454346776008,0.0819025561213493,2.901264923640018,0.2156564845188437,910.7438748617292,0.0404273718595504,0.0141252232715487,0.0459624081850051,0.1880948949535734,1,noisy,1.7164050380561373
unlabeled,Metro1_amr.amr,41,0.0561209768056869,0.0823406055569648,3.3297766976560084,0.2193363334144027,897.0916714508251,0.035736933350563,0.0133281238377094,0.0520250722765922,0.1169916783742833,1,noisy,1.7925945092898188
unlabeled,Metro1_amr.amr,42,0.052944891154766,0.075538270175457,3.0868595043376934,0.2182843936900118,914.0850311437264,0.0370957478880882,0.0176832564175128,0.0402488000690937,0.1227338008916748,1,noisy,2.0511310457321565
unlabeled,Metro1_amr.amr,43,0.0491999238729476,0.0727580413222312,3.398331361695999,0.2280486830464134,974.5241283403216,0.0449819341301918,0.0254949182271957,0.0463279038667678,0.1683360809398535,1,noisy,1.9525833387182037
unlabeled,Metro1_amr.amr,44,0.0483275242149829,0.0692698881030082,3.126998774158637,0.2230665317863636,959.720569079279,0.0364465378224849,0.0148559985682368,0.0421918183565139,0.0778466598882066,1,noisy,2.303897240304915
unlabeled,Metro1_amr.amr,45,0.0544177144765853,0.1119113340973854,6.262675499432534,0.2308008276644145,1060.0001267710836,0.0460689887404441,0.0202708225697278,0.1134556084871292,0.0656341116419313,1,noisy,1.8590662194754797
unlabeled,Metro1_amr.amr,46,0.0765996575355529,0.1140391677618026,3.456544221573456,0.2277896938254359,984.172484044056,0.0486054494976997,0.0151624148711562,0.0798214450478553,0.2483854271085383,1,noisy,0.7885180933040681
unlabeled,Metro1_amr.amr,47,0.0803665518760681,0.11615502089262,3.199253035178779,0.2141995556519297,936.5284923967406,0.0495213903486728,0.0149809056892991,0.0740675777196884,0.3406946595978648,1,noisy,1.2170119456957658
unlabeled,Metro1_amr.amr,48,0.07928978651762,0.1159314885735511,3.2996832714719107,0.227729864332092,972.4821981540892,0.0464615374803543,0.0149525422602891,0.070554994046688,0.21542799642472,1,noisy,0.9031198000141115
unlabeled,Metro1_amr.amr,49,0.0673591196537017,0.1497927904129028,6.941890164061758,0.1752218583750329,744.5718286895003,0.0297681950032711,0.0118619883432984,0.1683644354343414,0.0701762689815226,1,noisy,2.3672974751923435
unlabeled,Metro1_amr.amr,50,0.056250263005495,0.0858014374971389,3.66740012644942,0.1765247313056916,748.1920978343879,0.0292850602418184,0.0119541268795728,0.0584854893386364,0.0816513555748468,1,noisy,1.7826292462995565
unlabeled,Metro1_amr.amr,51,0.0591236278414726,0.091818630695343,3.8233947378156135,0.1686193896994136,716.462478856491,0.0297933593392372,0.0114751011133193,0.0677413344383239,0.0853431633888781,1,noisy,1.5815002411426313
unlabeled,Metro1_amr.amr,52,0.0740850865840911,0.1146640330553054,3.793928401421928,0.1427432825176187,636.849772910194,0.0309005435556173,0.0088872760534286,0.0771969556808471,0.1426719280100238,1,noisy,0.9333164375816871
unlabeled,Metro1_amr.amr,53,0.0799871534109115,0.1304882317781448,4.251022091135306,0.137190813960413,641.064326262188,0.0319221727550029,0.0107315061613917,0.1022382080554962,0.145180932310424,1,noisy,0.740068204127453
unlabeled,Metro1_amr.amr,54,0.0949700325727462,0.1855787336826324,5.818832395170979,0.1493924099865501,703.4447000308685,0.0421686731278896,0.0199358742684125,0.1913266777992248,0.2474415060263053,1,noisy,2.5140633528904877
unlabeled,Metro1_amr.amr,55,0.1329308748245239,0.2096785753965377,3.9585638852155034,0.1130844038165286,541.033262399858,0.0257672313600778,0.0089781051501631,0.1601439714431762,0.0998337994234987,1,noisy,2.940189764486101
unlabeled,Metro1_amr.amr,56,0.1203659698367118,0.1992715299129486,4.378830710198919,0.1096130865605247,526.4266171068384,0.0255004987120628,0.0080422582104802,0.1516870558261871,0.0820682119940805,1,noisy,2.60108398420947
unlabeled,Metro1_amr.amr,57,0.1225683763623237,0.201655313372612,4.324624727201602,0.1133230957043524,525.6954096237781,0.0247707609087228,0.0082722203806042,0.1633581817150116,0.0596929846493697,1,noisy,2.8509446648152337
unlabeled,Metro1_amr.amr,58,0.121951587498188,0.1914245337247848,3.9162027936899855,0.1415537163765112,645.5169455480549,0.0306338127702474,0.0126984352245926,0.132747083902359,0.0885619395056664,1,noisy,2.2938303450786433
unlabeled,Metro1_amr.amr,59,0.1001255735754966,0.1941712349653244,5.752797512487151,0.1867049838225472,794.8356415346731,0.0345693565905094,0.0136618493124842,0.1903940439224243,0.1292144695873452,1,noisy,2.704425770033869
unlabeled,Metro1_amr.amr,60,0.0860119089484214,0.1906593739986419,6.9139915193071335,0.1922075054201036,867.9293681207627,0.0457469001412391,0.0215556509792804,0.2233206182718277,0.2845851449545042,1,noisy,3.283331885780673
unlabeled,Metro1_amr.amr,61,0.090281993150711,0.1567935049533844,4.794538596098479,0.1828246800014903,807.4331677641524,0.0431047454476356,0.0148601187393069,0.1243331953883171,0.2320906191346131,1,noisy,0.9534055372644908
unlabeled,Metro1_amr.amr,62,0.0866143181920051,0.1251343786716461,3.195739006713822,0.1724622688959725,759.6846397403966,0.0372517667710781,0.0114822499454021,0.0758947357535362,0.1638147792083736,1,noisy,0.8624915184388122
unlabeled,Metro1_amr.amr,63,0.0766126587986946,0.128616377711296,4.499914787773832,0.1660463909138499,707.7738595856297,0.0293051898479461,0.0081514529883861,0.0971291363239288,0.0971926459401457,1,noisy,1.0553323565481827
unlabeled,Metro1_amr.amr,64,0.0656217262148857,0.1060135439038276,4.166274037717111,0.1838215548882038,778.1632092945176,0.0289478730410337,0.0110902786254882,0.0785008668899536,0.0514348111106608,1,noisy,1.5436029641977362
unlabeled,Metro1_amr.amr,65,0.0883942395448684,0.1517365425825119,4.693324400293389,0.2141346059453351,896.8816602089144,0.0413936451077461,0.0163077022880315,0.1201149001717567,0.1529110252277527,1,noisy,1.0349696245515871
unlabeled,Metro1_amr.amr+Metro2_amr.amr,66,0.0862808898091316,0.1375838816165924,4.053058848534573,0.2209138366099764,960.9926159868738,0.0522541292011737,0.014652575366199,0.0986651629209518,0.2526798297071594,1,noisy,0.6245232374041252
unlabeled,Metro2_amr.amr,67,0.0650682672858238,0.1778251826763153,8.732480422086804,0.1720241200915456,773.4430151998235,0.043084617704153,0.0186482351273298,0.2509110867977142,0.2538870622304034,1,noisy,4.027620375702213
unlabeled,Metro2_amr.amr,68,0.0839662924408912,0.1133667230606079,2.6076123184641906,0.1512793550387935,745.6207535956586,0.0466678738594055,0.0099462885409593,0.0559052377939224,0.4063490508125684,1,noisy,1.860348294668806
unlabeled,Metro2_amr.amr,69,0.0849210694432258,0.111541174352169,2.368395154563288,0.1556959254733226,759.5450594282217,0.045062456279993,0.011638862080872,0.0544018223881721,0.341524300182841,1,noisy,1.5869405122501052
unlabeled,Metro2_amr.amr,70,0.11552045494318,0.1604855954647064,2.8555433461284925,0.1216120056007107,621.2748702162896,0.0365773849189281,0.0098230186849832,0.0861351266503334,0.2903191910633462,1,noisy,1.619930848291517
unlabeled,Metro2_amr.amr,71,0.1079605519771575,0.1649092435836792,3.679598063290022,0.1300433582916829,610.4556783850541,0.0338345877826213,0.0100467428565025,0.1156163290143013,0.1983816715173121,1,noisy,1.3517204031425354
unlabeled,Metro2_amr.amr,72,0.1224037110805511,0.1843168139457702,3.5554073894992086,0.1152210211881278,569.7724218678096,0.0320781879127025,0.0077239475212991,0.1180261671543121,0.1619121971256656,1,noisy,1.9878288558544592
unlabeled,Metro2_amr.amr,73,0.106638990342617,0.1507558077573776,3.0071605473103915,0.10700847568137,567.2887669795487,0.0339956320822238,0.008451122790575,0.090579904615879,0.1849263802928815,1,noisy,1.316867171059133
unlabeled,Metro2_amr.amr,74,0.0788111463189125,0.1176277250051498,3.478441059279797,0.14324144049473,675.2068631487631,0.0372467339038848,0.0110402349382638,0.073179505765438,0.1676697708856351,1,noisy,0.8418036599427584
unlabeled,Metro2_amr.amr,75,0.0625741556286811,0.0915515720844268,3.305416160418833,0.1516588085200992,676.899352857033,0.0331048481166362,0.0085459873080253,0.0567980147898197,0.1703747959279911,1,noisy,1.3899622721593943
unlabeled,Metro2_amr.amr,76,0.0624812394380569,0.0946771800518035,3.609913555340324,0.1500932738424763,669.2693189394485,0.0326519086956977,0.0085292384028434,0.0597615391016006,0.1529901915276001,1,noisy,1.341903457934996
unlabeled,Metro2_amr.amr,77,0.0647485554218292,0.1027039214968681,4.0071388527261815,0.1518254893411215,678.2825386346639,0.0335930213332176,0.0081467172130942,0.0826349034905433,0.1674302684003558,1,noisy,0.8933429772520874
unlabeled,Metro2_amr.amr,78,0.0680803954601287,0.1088736653327941,4.0780154814666885,0.1417244361781764,639.0307425969366,0.0326619744300842,0.0079536950215697,0.0840203166007995,0.171890072094789,1,noisy,0.7931280182621193
unlabeled,Metro2_amr.amr,79,0.1204227954149246,0.1809333115816116,3.5361965504892123,0.0893294310706852,498.2594579251049,0.0326670072972774,0.0072926329448819,0.116127960383892,0.2453119477286579,1,noisy,1.910518522670345
unlabeled,Metro2_amr.amr,80,0.1142373755574226,0.1760052442550659,3.754347817505966,0.0985829587301588,578.9908266370477,0.0364817641675472,0.0108950352296233,0.1223878115415573,0.2778586354855809,1,noisy,1.7356344536667674
unlabeled,Metro2_amr.amr,81,0.1117662414908409,0.1774873584508896,4.017135582101069,0.0907933234023116,549.1945778505726,0.0360388942062854,0.0124855833128094,0.1308084428310394,0.2640862158466883,1,noisy,1.7634361461690105
unlabeled,Metro2_amr.amr,82,0.081483319401741,0.1463420689105987,5.086009554296193,0.1619884121286688,810.7029583365833,0.0506889745593071,0.0263508297502994,0.1295948475599289,0.2511883391126342,1,noisy,0.9803708154079229
unlabeled,Metro2_amr.amr,83,0.0713527649641037,0.1143678054213523,4.097859608392998,0.1833195959313375,929.2361568268165,0.0511922389268875,0.0233627911657094,0.0838054567575454,0.2379926651920204,1,noisy,0.5906151356580921
unlabeled,Metro2_amr.amr,84,0.0948028862476348,0.2068525850772857,6.77678785931763,0.1395975746928952,642.865303718665,0.0341466106474399,0.0171228162944316,0.2411094754934311,0.1759481839543115,1,noisy,3.7379499249790085
unlabeled,Metro2_amr.amr,85,0.0684801116585731,0.192236378788948,8.965422334773406,0.1575823795860548,693.1308889078357,0.036884382367134,0.0149589953944087,0.2648325562477112,0.2020204685928714,1,noisy,4.397309842780177
unlabeled,Metro2_amr.amr,86,0.0764747038483619,0.1613169908523559,6.483246162156191,0.1648313317193615,799.9248437527712,0.039969403296709,0.0189806725829839,0.1918427050113678,0.1898913924527028,1,noisy,2.390307773533499
unlabeled,Metro2_amr.amr,87,0.084215797483921,0.1534570604562759,5.211866180480729,0.1295365075259425,647.092512573569,0.0376896075904369,0.0147694265469908,0.1364886313676834,0.2765652277759103,1,noisy,1.2252893868137564
unlabeled,Metro2_amr.amr,88,0.0704478994011879,0.1075818613171577,3.677420115074757,0.1515127205954804,786.1900745117271,0.0422441661357879,0.0201460160315036,0.0701891854405403,0.1973296582578143,1,noisy,0.8373555732618684
unlabeled,Metro2_amr.amr,89,0.0705634504556655,0.1096008643507957,3.8246833979045016,0.1606121034822618,798.0350741527653,0.04267193749547,0.0178463254123926,0.0775860249996185,0.1943116080668809,1,noisy,0.6770118865081896
unlabeled,Metro2_amr.amr,90,0.0697966739535331,0.1087500974535942,3.8518985412704176,0.1732691426986383,896.3369949714246,0.0478656478226184,0.0270059630274772,0.0770026743412017,0.1402681918152432,1,noisy,1.0088476190060578
unlabeled,Metro2_amr.amr,91,0.0683377757668495,0.1010361462831497,3.3963186676091994,0.1960921201745524,964.9825260309776,0.0532556250691413,0.0286073945462703,0.0614605844020843,0.1766863478321456,1,noisy,1.2415675732298208
unlabeled,Metro2_amr.amr,92,0.070021353662014,0.1048652306199073,3.5080202746620377,0.2376682346305991,1024.1584559793905,0.0525661520659923,0.0167225208133459,0.070108525454998,0.2112938320876159,1,noisy,1.0492892007556942
unlabeled,Metro2_amr.amr,93,0.0677533000707626,0.1110148951411247,4.289015989831265,0.2226268065278074,964.7596382634684,0.0507292300462722,0.0201840139925479,0.0854651033878326,0.261043008757982,1,noisy,0.7736811633984633
unlabeled,Metro2_amr.amr,94,0.070587009191513,0.1026910170912742,3.256153482092217,0.2026130349974174,857.1724873934908,0.039234634488821,0.01167175732553,0.0656089559197425,0.1682674455415463,1,noisy,1.1000772951889632
unlabeled,Metro2_amr.amr,95,0.0659952089190483,0.0948846489191055,3.1536709354995947,0.2057997994629251,898.8089926067929,0.0445440895855426,0.0164474789053201,0.0573674812912941,0.2018930960668034,1,noisy,1.2821645220771596
unlabeled,Metro2_amr.amr,96,0.0642353743314743,0.0933934301137924,3.250841334997382,0.1614662612072144,746.4167142524107,0.0374128110706806,0.0104642296209931,0.057941760867834,0.1722711490080395,1,noisy,1.3162020116170057
unlabeled,Metro2_amr.amr,97,0.057969681918621,0.0858032554388046,3.4060569596156336,0.1592868624440976,714.7359201252455,0.0344133414328098,0.0111643550917506,0.0542897880077362,0.1368202465989157,1,noisy,1.5989636331432446
unlabeled,Metro2_amr.amr,98,0.0626165494322776,0.0880264565348625,2.958481762229108,0.1583130183231096,703.5083456721509,0.0346398092806339,0.0092564886435866,0.0501705855131149,0.168345957992678,1,noisy,1.5592209330912328
unlabeled,Metro2_amr.amr,99,0.0637492686510086,0.0909241363406181,3.0840795505610084,0.1490388444210114,665.6537768502681,0.0331702716648578,0.0083784749731421,0.050616480410099,0.1673325312718987,1,noisy,1.5153939149707247
unlabeled,Metro2_amr.amr,100,0.0698476433753967,0.1307540088891983,5.446065100175726,0.1504722135728685,675.3259188272208,0.0336584411561489,0.0140489032492041,0.1450001746416092,0.146199333721572,1,noisy,1.3560871709414168
unlabeled,Metro2_amr.amr,101,0.0642371773719787,0.1723285019397735,8.571413255708958,0.1570869118851664,710.9144109503717,0.0373423509299755,0.0162730943411588,0.318260908126831,0.1813241719930556,1,noisy,5.260615606683761
unlabeled,Metro2_amr.amr,102,0.0781938061118125,0.1332004517316818,4.626666887483005,0.1478489678526371,692.3720787531248,0.0388521514832973,0.0118964817374944,0.1151220202445983,0.276372190148444,1,noisy,0.6316429958152576
unlabeled,Metro2_amr.amr,103,0.0725268945097923,0.104459673166275,3.168991609218535,0.1549455212711469,693.1251212142155,0.0360640548169612,0.0095761809498071,0.0645245760679245,0.2364853644400798,1,noisy,1.0114277212550506
unlabeled,Metro2_amr.amr,104,0.0879844203591346,0.1230814531445503,2.9157367530491864,0.1205432023797938,651.6935456113779,0.0449718683958053,0.0108959032222628,0.0704426765441894,0.4431984234651198,1,noisy,1.9551548106660277
unlabeled,Metro2_amr.amr,105,0.0914497599005699,0.1328752189874649,3.245228470961741,0.1233722412625071,647.3025831357179,0.0430745556950569,0.0104679865762591,0.0808073803782463,0.3933804260983841,1,noisy,1.5412392910695425
unlabeled,Metro2_amr.amr,106,0.0866881012916565,0.1213799864053726,2.9237518712108965,0.129583408510736,674.3468371188391,0.0406941026449203,0.0141740385442972,0.072491355240345,0.3254268434423975,1,noisy,1.1899703168831324
unlabeled,Metro2_amr.amr+Metro3_amr.amr,107,0.0702305659651756,0.1222938820719719,4.817571256805172,0.1709263745183325,844.0638047300457,0.0492999590933322,0.0275322962552309,0.1107376515865325,0.28193686478969,1,noisy,0.7477622976875875
unlabeled,Metro3_amr.amr,108,0.0525365844368934,0.0755076929926872,3.1505873307503744,0.1893659683210694,825.2440790948025,0.041318155825138,0.0124891847372055,0.0468179434537887,0.2477614867393848,1,noisy,1.764916831624504
unlabeled,Metro3_amr.amr,109,0.0559194162487983,0.0861299037933349,3.751826654869264,0.1776431084511377,790.0698871050132,0.0424454733729362,0.0113814203068614,0.0617268346250057,0.271968791101467,1,noisy,1.3741900027335798
unlabeled,Metro3_amr.amr,110,0.0568321943283081,0.0877222418785095,3.77030594373504,0.1702556953022108,765.3292259554547,0.0381777733564376,0.0119780953973531,0.0623903721570968,0.2150867864257297,1,noisy,1.2849194485846804
unlabeled,Metro3_amr.amr,111,0.0554730296134948,0.0962506979703903,4.786440040508987,0.1820559974941641,850.392490889421,0.0485098287463188,0.0363792888820171,0.0894309729337692,0.236083339666864,1,noisy,1.157817675403704
unlabeled,Metro3_amr.amr,112,0.0538457706570625,0.0816737115383148,3.618613890428588,0.2012480109189696,883.5560251794631,0.0485047958791255,0.022908117622137,0.0518724061548709,0.2970917216436989,1,noisy,1.6854487861683278
unlabeled,Metro3_amr.amr,113,0.0556773506104946,0.0847468525171279,3.648900319249384,0.1748699160780833,769.264197023272,0.0394711680710315,0.0110608851537108,0.0599108152091503,0.2731072470996248,1,noisy,1.426419714012102
unlabeled,Metro3_amr.amr,114,0.064336247742176,0.0956333503127098,3.4430728459131803,0.1915088488676163,922.9344147911244,0.0537136048078537,0.0229071173816919,0.0688631013035774,0.309033829520383,1,noisy,1.2783172982101463
unlabeled,Metro3_amr.amr,115,0.0650451704859733,0.0970718935132026,3.4775688926839257,0.1851744899492864,879.2887521077924,0.0492898896336555,0.0219638887792825,0.0635655000805854,0.35309285012399,1,noisy,1.493999742817416
unlabeled,Metro3_amr.amr,116,0.0656722858548164,0.1720741093158722,8.36666793613174,0.1731636393292352,742.1493617747024,0.0412627980113029,0.0144463116303086,0.2256865352392196,0.323681921499352,1,noisy,3.54548689042592
unlabeled,Metro3_amr.amr,117,0.0742014721035957,0.1580781638622284,6.569187220281714,0.1697150043560251,773.7112133162848,0.0432104393839836,0.0185594893991947,0.1930752843618393,0.3534633563656175,1,noisy,2.5962037885821836
unlabeled,Metro3_amr.amr,118,0.0675845667719841,0.0961454361677169,3.061622790770264,0.1570027627553451,747.7186016182782,0.0427826568484306,0.0100128129124641,0.0567033700644969,0.3734379080952632,1,noisy,1.6955209477382678
unlabeled,Metro3_amr.amr,119,0.0678139925003051,0.1223867386579513,5.128300954748626,0.1682583848966752,764.1820207822266,0.0399140417575836,0.0118496064096689,0.112295776605606,0.3261274601533624,1,noisy,0.9939555194794463
unlabeled,Metro3_amr.amr,120,0.1177675351500511,0.1737078577280044,3.3758775751978054,0.104785832581202,532.3355571031739,0.0315648540854454,0.0079747419804334,0.1113220304250717,0.2161230199384909,1,noisy,1.721695911107528
unlabeled,Metro3_amr.amr,121,0.0574008338153362,0.0902270302176475,3.9283692326327904,0.1953456649028475,815.602896685388,0.0387816913425922,0.0127983158454298,0.0658431351184845,0.1785209657035976,1,noisy,1.2563824450637064
unlabeled,Metro3_amr.amr,122,0.0479633882641792,0.0916264578700065,5.622220841704721,0.2174133409889912,908.5638626480523,0.0423599146306514,0.0164485592395067,0.0905122458934784,0.1505328584857339,1,noisy,1.484905312934852
unlabeled,Metro3_amr.amr,123,0.0452983640134334,0.0745410993695259,4.326265517551062,0.2188110427744941,919.731350427417,0.0386307127773761,0.014667666517198,0.0631434246897697,0.1121943091365232,1,noisy,1.8828149574192188
unlabeled,Metro3_amr.amr,124,0.0582096390426158,0.0802880898118019,2.7931243800450445,0.2377898436641851,1048.4240078446196,0.056889209896326,0.0241478383541107,0.0436760000884532,0.2402011631763305,1,noisy,1.8696938479862841
unlabeled,Metro3_amr.amr,125,0.0562740191817283,0.0840010419487953,3.479534771011554,0.2357350598659432,1012.5348359045558,0.047885775566101,0.0186531320214271,0.0568818375468254,0.1955873386632944,1,noisy,1.5620847642617643
unlabeled,Metro3_amr.amr,126,0.0545250885188579,0.0875452309846878,4.112722266385746,0.2426933928242371,1076.1439663011508,0.0553794167935848,0.0261987894773483,0.065814733505249,0.228300266549257,1,noisy,1.4829025808218605
unlabeled,Metro3_amr.amr,127,0.0377417132258415,0.0542369931936264,3.149479884768389,0.2126633834767192,913.1177706792772,0.0395466610789299,0.0140064908191561,0.0348297320306301,0.1574275039086435,1,noisy,2.454441210014454
unlabeled,Metro3_amr.amr,128,0.0392372459173202,0.0567936152219772,3.2120199600146613,0.2151986916532854,909.3214396016512,0.0419925339519977,0.0141357546672225,0.0340101644396781,0.1958794332357496,1,noisy,2.3626174334799925
unlabeled,Metro3_amr.amr,129,0.0456316582858562,0.0655621960759162,3.1477448078297727,0.1943560301231392,857.8884064722226,0.0438697151839733,0.0123939346522092,0.0384995639324188,0.2282652384772432,1,noisy,2.0838032328397516
unlabeled,Metro3_amr.amr,130,0.052770659327507,0.0740479379892349,2.942408972549797,0.1836211072219142,819.2305555477351,0.043542593717575,0.0121659291908144,0.042484275996685,0.3019118491898497,1,noisy,1.9468831895633505
unlabeled,Metro3_amr.amr,131,0.0572888702154159,0.1492531150579452,8.317062917907897,0.1941360859511341,867.0781231343032,0.0444937646389007,0.0215265210717916,0.1853117942810058,0.2353907073626102,1,noisy,2.7468695883853695
unlabeled,Metro3_amr.amr,132,0.0620791278779506,0.1263698637485504,6.17395819594331,0.1630667385574863,719.7040356969005,0.0339855663478374,0.0113274035975337,0.1198128163814544,0.1613315665835448,1,noisy,1.2247138284229484
unlabeled,Metro3_amr.amr,133,0.0994407013058662,0.1577977538108825,4.010732764733981,0.1253020982392374,585.9320042733577,0.0315950512886047,0.006878247950226,0.1147794425487518,0.2043175076756892,1,noisy,1.1143824994976397
unlabeled,Metro3_amr.amr,134,0.0588124506175518,0.1179118305444717,6.041762104478652,0.1911670106512158,759.9670376379044,0.0372668616473674,0.0124092027544975,0.1107173413038253,0.1931128336185451,1,noisy,1.0948767012210858
unlabeled,Metro3_amr.amr,135,0.0514010488986969,0.09048692882061,4.912277330302101,0.2101280265093406,883.0858124294302,0.0459129773080349,0.0180932488292455,0.0769489854574203,0.2554304082065124,1,noisy,1.2784137081008464
unlabeled,Metro3_amr.amr,136,0.0554353594779968,0.0767580866813659,2.8267454475721703,0.1814084166085581,798.3253547263239,0.0381073169410228,0.0119380811229348,0.0433222874999046,0.2209567966981722,1,noisy,1.7958961919714176
unlabeled,Metro3_amr.amr,137,0.1005351692438125,0.1907660663127899,5.563662217339205,0.1287483422038306,562.89932390941,0.0294410716742277,0.0073817675001919,0.1664442420005798,0.148870654205079,1,noisy,2.2999239423967786
unlabeled,Metro3_amr.amr,138,0.1227706745266914,0.1875748336315155,3.681598557096381,0.0869014607000424,485.40757980215216,0.0310716554522514,0.0063821217045187,0.1264718472957611,0.2619746915492215,1,noisy,2.1081907079765676
unlabeled,Metro3_amr.amr,139,0.0777873694896698,0.1350368857383728,4.790866559761136,0.1324705528035624,592.5591325989385,0.0308955106884241,0.0077269920147955,0.1049832850694656,0.1611053170865836,1,noisy,0.7760863573119293
unlabeled,Metro3_amr.amr,140,0.0588855370879173,0.0824340134859085,2.9219560839651013,0.1698524629254451,724.3715622993612,0.0332558341324329,0.0092638777568936,0.0439777970314025,0.1805407891448064,1,noisy,1.7215586652866617
unlabeled,Metro3_amr.amr,141,0.0603205971419811,0.0906375870108604,3.5368540528622647,0.1637891016085529,709.3030064901758,0.0328381173312664,0.0093666706234216,0.0596359968185424,0.1796267365418234,1,noisy,1.3261772229038817
unlabeled,Metro3_amr.amr,142,0.0649252384901046,0.0871976166963577,2.5618212219177563,0.1621847502707644,739.9446801148406,0.039526529610157,0.0102292615920305,0.0443545058369636,0.2807329258999054,1,noisy,1.687868112898783
unlabeled,Metro3_amr.amr,143,0.0775554329156875,0.1176855415105819,3.6222176679590734,0.1529896149492791,717.1756618214944,0.040291491895914,0.0107365353032946,0.0838172882795333,0.3279328583376864,1,noisy,0.9307728793447877
unlabeled,Metro3_amr.amr,144,0.0819175690412521,0.1140363663434982,2.873326289987708,0.1464508528746815,702.9208503453791,0.0415144264698028,0.0121669210493564,0.0602091699838638,0.344698679802892,1,noisy,1.4161645059031065
unlabeled,Metro3_amr.amr,145,0.0841195955872535,0.1273803859949112,3.604107685809699,0.133594314685337,691.2286996128003,0.0462099015712738,0.0099445758387446,0.0860645845532417,0.4344564029886805,1,noisy,1.7112776186528884
unlabeled,Metro3_amr.amr,146,0.0815212056040763,0.1177935004234314,3.197014676241734,0.139347474247003,714.0258221819461,0.0465017966926097,0.0117043713107705,0.0713274851441383,0.4513545183097278,1,noisy,1.9331911779982252
unlabeled,Metro3_amr.amr,147,0.0990867391228675,0.1362057477235794,2.7635979650753946,0.1396936328835107,714.0546851552806,0.0461394414305686,0.0127629218623042,0.0750316083431243,0.376625576259994,1,noisy,1.5954994239526172
unlabeled,Metro3_amr.amr,148,0.0876157209277153,0.1366446316242218,3.860210703784826,0.1403608605796013,703.7369731078945,0.0446346774697303,0.0133570954203605,0.0985653772950172,0.3958749463795837,1,noisy,1.4038618654883614
unlabeled,Metro3_amr.amr,149,0.0851658582687377,0.1754993051290512,6.280197471412601,0.1233491363796666,616.8594587615373,0.0368038564920425,0.0094948830083012,0.1600988656282425,0.3947915810658943,1,noisy,2.3630936995524277
unlabeled,Metro3_amr.amr,150,0.0710976794362068,0.157262921333313,6.8954182517910825,0.1707433980400141,723.376508713688,0.0363106541335582,0.0111973425373435,0.1830664277076721,0.2198484865787724,1,noisy,2.291076940160492
unlabeled,Metro3_amr.amr,151,0.0597720071673393,0.0835147276520729,2.9053045824210844,0.1763548624121655,777.3120383453195,0.0382733941078186,0.0126077951863408,0.0472295917570591,0.1871305394556087,1,noisy,1.6322782091233097
unlabeled,Metro3_amr.amr,152,0.0621569454669952,0.0907664820551872,3.2887167795760512,0.1577024445815983,719.0191480707193,0.034096285700798,0.0103549789637327,0.05765300989151,0.1599173684290354,1,noisy,1.4024650585059095
unlabeled,Metro3_amr.amr,153,0.0740673616528511,0.1163880601525306,3.9256310932079903,0.163851223915671,725.4068448057167,0.0314893685281276,0.0100655211135745,0.0803394466638565,0.1253858752814834,1,noisy,0.9395124465303711
unlabeled,Metro3_amr.amr,154,0.0612650066614151,0.086402803659439,2.9863069945531566,0.1878055894307377,796.7833997354334,0.0319926291704177,0.010038586333394,0.0494162328541278,0.124068239066974,1,noisy,1.7219725533087227
unlabeled,Metro3_amr.amr,155,0.0618167594075202,0.0876402705907821,3.0319495015505957,0.1963513149381899,845.373588471312,0.0344888307154178,0.0124092269688844,0.0499407984316349,0.1046145707411379,1,noisy,1.7686744228960476
unlabeled,Metro3_amr.amr+Metro6_amr.amr,156,0.0782569944858551,0.1327443569898605,4.589858068000533,0.1788664244308599,822.8033731664175,0.049008060246706,0.0161533113569021,0.1075835973024368,0.3415024293295117,1,noisy,0.9636523468479262
unlabeled,Metro6_amr.amr,157,0.0911808237433433,0.1357073038816452,3.453994217058169,0.1594383704089207,797.1880230047557,0.0549616999924182,0.0124710639938712,0.0866429135203361,0.4334215827977031,1,noisy,1.744039746884521
unlabeled,Metro6_amr.amr,158,0.095340795814991,0.143642172217369,3.560063824955395,0.1239885548879868,729.5617207352217,0.0559179037809371,0.0105622243136167,0.1024409383535385,0.6304116663995522,1,noisy,3.253339469621201
unlabeled,Metro6_amr.amr,159,0.1075736954808235,0.1749819666147232,4.225744097541131,0.1404661940234018,673.758807200394,0.0391641743481159,0.0185531824827194,0.1341457962989807,0.2967476253284068,1,noisy,1.6525840567256198
unlabeled,Metro6_amr.amr,160,0.0980536639690399,0.1418835669755935,3.2093654290813927,0.1633383481921764,750.438761792442,0.0409658700227737,0.0128732109442353,0.0914937481284141,0.3096613283617229,1,noisy,1.0542438635107718
unlabeled,Metro6_amr.amr+Metro7_amr.amr,161,0.0597142055630683,0.0938682556152343,3.928821764157879,0.1868374346861935,780.3234041036648,0.0325864888727664,0.0150027433410286,0.068259872496128,0.0793469230548004,1,noisy,1.5755471467254778
unlabeled,Metro7_amr.amr,162,0.0603842660784721,0.0902616679668426,3.491591245562081,0.2038468436741053,865.8690357873542,0.0316353105008602,0.0130756311118602,0.0590264350175857,0.0937047336232632,1,noisy,1.662071673734455
unlabeled,Metro7_amr.amr,163,0.0806881710886955,0.1169818863272667,3.226174964274715,0.1726567092959227,799.0887400939005,0.0441012158989906,0.0135785853490233,0.0698686689138412,0.2797757344391267,1,noisy,0.8867789963357199
unlabeled,Metro7_amr.amr,164,0.0952810049057006,0.140477642416954,3.3720176195825284,0.1708909612646617,786.9109123867156,0.0450423248112201,0.0130604663863778,0.0905097052454948,0.3141456344549653,1,noisy,0.9977137038921128
unlabeled,Metro7_amr.amr+Metro9_amr.amr,165,0.0871622338891029,0.1514459699392318,4.798587370089356,0.1935629288356292,939.7816639256667,0.054020594805479,0.0278572589159011,0.1396141052246093,0.3235555137998699,1,noisy,1.4304597998061916
unlabeled,Metro9_amr.amr,166,0.0782915204763412,0.1176423281431198,3.5369776595408178,0.1898521724854144,849.6039319389091,0.042349848896265,0.0231283903121948,0.07576185464859,0.1952073632797128,1,noisy,0.7032888241365995
unlabeled,Metro9_amr.amr,167,0.0916815921664238,0.1364862918853759,3.456137758457861,0.1868546633656848,811.4577715234105,0.0375637896358966,0.0111541729420423,0.088614135980606,0.1688346589070072,1,noisy,0.7664376839752087
unlabeled,Metro9_amr.amr,168,0.0896300300955772,0.1247920542955398,2.874667832710947,0.1896303931071316,868.5659342819127,0.0430342927575111,0.0174344144761562,0.0719953477382659,0.2102266689581917,1,noisy,0.9172802791823642
unlabeled,Metro9_amr.amr,169,0.0668985247611999,0.0986338108777999,3.372185441059978,0.2003560645770192,848.6636719174469,0.0359432734549045,0.0118802851065993,0.0604959800839424,0.1520704279196668,1,noisy,1.2694397343033748
unlabeled,Metro9_amr.amr,170,0.0535360798239707,0.0832002311944961,3.829559319583744,0.2251179938824482,1005.296491271836,0.0468540787696838,0.0167973823845386,0.0585196651518344,0.1100451096672523,1,noisy,1.7659402273662093
unlabeled,Metro9_amr.amr,171,0.0646365210413932,0.1198786795139312,5.36527953948111,0.1934727291916645,876.3589252335532,0.0487111322581768,0.0237070471048355,0.0999340787529945,0.119691950489165,1,noisy,1.1179933330391
unlabeled,Metro9_amr.amr,172,0.1055624708533287,0.1482100784778595,2.947363802304178,0.1644912841828804,746.2218907561415,0.0374329425394535,0.0163299515843391,0.0832037106156349,0.1472005193118547,1,noisy,1.294249358192282
unlabeled,Metro9_amr.amr,173,0.0863471031188964,0.1371771693229675,4.020681295764196,0.1790595577781792,787.7186616171232,0.0389628708362579,0.0138578973710536,0.1035743504762649,0.1726845319078406,1,noisy,0.5517117625516383
unlabeled,Metro9_amr.amr+Office1.wav,174,0.0154003696516156,0.041854154318571,8.684148484545398,0.322130529977194,1395.2410858423225,0.0847298949956893,0.0496956333518028,0.060459479689598,0.3128071054959536,2,quiet,1.277671862254472
unlabeled,Office1.wav,175,0.0086579732596874,0.017965393140912,6.340409653227547,0.4131359791689938,1669.5000414694705,0.0921530798077583,0.0533421896398067,0.0198465920984745,0.1682529255625799,2,quiet,1.096416590223448
unlabeled,Office1.wav,176,0.0075713424012064,0.020529905334115,8.664281126105795,0.4425605855497257,1803.8681734247189,0.1039294973015785,0.0431162044405937,0.0241919048130512,0.0951173510444739,2,quiet,1.7650963045779904
unlabeled,Office1.wav,177,0.0087077040225267,0.0166150256991386,5.611947123250155,0.484839715364816,2225.128094487145,0.1826302707195282,0.0821849629282951,0.0159263387322425,0.1190254594067454,2,quiet,2.264302038909803
unlabeled,Office1.wav,178,0.0095777930691838,0.0175071377307176,5.238993931849699,0.4031406472225401,1808.207755944396,0.1197924613952636,0.0843392759561538,0.0164173040539026,0.1950233812728586,2,quiet,1.3547229961528677
unlabeled,Office1.wav,179,0.0123880431056022,0.0261789262294769,6.4989823917247405,0.4277268253762985,1762.7969504489042,0.1084890961647033,0.0578921400010585,0.0285385027527809,0.2570525014300033,2,quiet,0.46283977536675247
unlabeled,Office1.wav,180,0.0084478268399834,0.0178191345185041,6.482832007648605,0.4631112670034179,1891.2443405723864,0.1184990555047988,0.0622748732566833,0.0199235808104276,0.1520974521463552,2,quiet,1.267685484562807
unlabeled,Office1.wav,181,0.0079085770994424,0.0242289099842309,9.724710397824968,0.4740642181143384,1894.492111609616,0.1177793890237808,0.0601414628326892,0.0334374904632568,0.1412259242525892,2,quiet,1.7393565494220327
unlabeled,Office1.wav,182,0.007777112070471,0.014064148068428,5.145901404633204,0.4297357241339082,1853.2469326510356,0.1203108206391334,0.049326553940773,0.0117629719898104,0.2081422994743314,2,quiet,1.3181643933312652
unlabeled,Office1.wav,183,0.0080091692507267,0.0152243729680776,5.579038818041868,0.4367602347176071,1807.99048704298,0.1030689254403114,0.050501637160778,0.0144105181097984,0.1274563444968708,2,quiet,1.5388856086750657
unlabeled,Office1.wav,184,0.0183310844004154,0.0529550276696682,9.214380814829916,0.3723529427379102,1373.063388201556,0.0733258798718452,0.0538871213793754,0.0567403472959995,0.1427548789194886,2,quiet,1.723060796625599
unlabeled,Office1.wav,185,0.0130771398544311,0.0232289433479309,4.990333699892488,0.3978475686728663,1751.8079441726532,0.1086501330137252,0.0544719733297824,0.0195604600012302,0.3040002771770032,2,quiet,1.0379997729975767
unlabeled,Office1.wav,186,0.0155757786706089,0.0306383613497018,5.876315305471477,0.4363775852320781,1814.848210300485,0.1191130429506301,0.04714897274971,0.0300487019121646,0.3150354525493115,2,quiet,0.8343545321717677
unlabeled,Office1.wav,187,0.0152197936549782,0.0268988423049449,4.946496463654752,0.4355335692195047,1749.5488405133126,0.1118710562586784,0.0669988617300987,0.0238189697265625,0.2343050442262738,2,quiet,1.070810532541237
unlabeled,Office1.wav,188,0.0090474653989076,0.0163174346089363,5.122498959131436,0.3992123427493419,1740.9847677496682,0.0976386815309524,0.0527110993862152,0.0148571766912937,0.1536388006351823,2,quiet,1.4379083335652727
unlabeled,Office1.wav,189,0.0107086719945073,0.0304075740277767,9.064923074187876,0.4764678791681959,2044.7073811806556,0.1442511826753616,0.0767776668071746,0.0366885066032409,0.2298987999615817,2,quiet,1.4552006980901238
unlabeled,Office1.wav,190,0.0076873372308909,0.0155101018026471,6.096774244987827,0.4639798661517944,1916.4767286435888,0.1167728528380394,0.0525054037570953,0.0140380822122097,0.2015786483863299,2,quiet,1.1671471398603017
unlabeled,Office1.wav,195,0.0084181260317564,0.0162611231207847,5.71870224203561,0.3646243924113642,1478.4025233067107,0.07133799046278,0.0446849130094051,0.0150826107710599,0.1920779827630049,2,quiet,1.3697956839448153
unlabeled,Office1.wav,196,0.0091138593852519,0.0152090387418866,4.447988811004567,0.4456024554212606,2000.5455706053065,0.1164809688925743,0.0708619281649589,0.0126234833151102,0.186146251436588,2,quiet,1.621846555294498
unlabeled,Office1.wav,198,0.0104037234559655,0.0202030576765537,5.764566041459388,0.3991533783173034,1650.191309045014,0.089007668197155,0.0394591875374317,0.0217030700296163,0.2158270837814214,2,quiet,1.1055846635419924
unlabeled,Office1.wav,199,0.0092229265719652,0.0190682988613843,6.30886393268425,0.4219871568384777,1734.9084723670323,0.1041106805205345,0.0588530227541923,0.0179590955376625,0.1833696716794616,2,quiet,0.9755732846649888
unlabeled,Office1.wav,200,0.0100053707137703,0.0167651064693927,4.483462591096498,0.4094531981014297,1703.4182705273115,0.0974373742938041,0.05049829185009,0.0135390348732471,0.2024240872420883,2,quiet,1.4473685559028413
unlabeled,Office1.wav,201,0.0093716727569699,0.0164919942617416,4.909121153230373,0.4323866317547832,1731.966863964531,0.1014181971549987,0.0472750440239906,0.0142191695049405,0.2604240188233883,2,quiet,1.2314210213842016
unlabeled,Office1.wav,202,0.0097056906670331,0.0197976231575012,6.191732107265302,0.3660583108719397,1595.1852320997182,0.0888667404651641,0.0647369846701622,0.0192950069904327,0.1992396591594944,2,quiet,0.9484773959530615
unlabeled,Office1.wav,203,0.008402076549828,0.0221322067081928,8.412761610702058,0.4631753285098904,1896.38398843459,0.1155700534582138,0.064565896987915,0.0232460182160139,0.1844462442811632,2,quiet,1.1873903198699338
unlabeled,Office1.wav,204,0.0125588634982705,0.0242321528494358,5.708833158706371,0.4868567001541253,2089.623876962589,0.1368833780288696,0.0597932301461696,0.02216805703938,0.1963927017858788,2,quiet,1.3609548812626167
unlabeled,Office1.wav,205,0.011384948156774,0.024920055642724,6.80435896611518,0.3739722126829236,1673.4115389836384,0.1035570874810218,0.0603607781231403,0.0259440597146749,0.1671235601169715,2,quiet,0.92014958898532
unlabeled,Office1.wav,206,0.0117506822571158,0.0232751239091157,5.936578338623492,0.4074226560071085,1825.6474779085029,0.115449272096157,0.0816382691264152,0.0220649950206279,0.2041233796496358,2,quiet,1.0424271031953412
unlabeled,Office1.wav,207,0.0110652018338441,0.0228579156100749,6.301545658495109,0.4746524800185329,1955.9730072322093,0.1303207874298095,0.0734345316886901,0.022943714633584,0.2388885309827028,2,quiet,1.029327458237009
unlabeled,Office1.wav,208,0.0078756418079137,0.0133851524442434,4.6067472743702,0.3851137383324945,1632.0381277039414,0.0823645442724227,0.0502282157540321,0.0105255078524351,0.1872983429800077,2,quiet,1.555015725434203
unlabeled,Office1.wav,210,0.01092966273427,0.0253275483846664,7.299727813154472,0.4302305741738338,1964.987575216232,0.1307686865329742,0.072409301996231,0.0300934091210365,0.2423385300930641,2,quiet,0.7877295557484839
unlabeled,Office1.wav+Office2.wav,211,0.0145407579839229,0.0506653152406215,10.842474018824928,0.4297464347223161,2039.4417300897148,0.1471449732780456,0.0856910049915313,0.0651975721120834,0.3142821818868694,2,quiet,2.1516435841120587
unlabeled,Office2.wav,212,0.0245610699057579,0.059143278747797,7.633162295331514,0.3619143829715451,1571.4392965632449,0.0919970646500587,0.0542035996913909,0.0685605183243751,0.344663010519401,2,quiet,1.1642192722764428
unlabeled,Office2.wav,213,0.0311498697847127,0.0617938674986362,5.949782821575101,0.3017363066649388,1408.495218533051,0.0877142623066902,0.0444677658379077,0.055395022034645,0.332103918600737,2,quiet,1.4297375584597882
unlabeled,Office2.wav,214,0.0183978024870157,0.0432316958904266,7.420726377828712,0.400899885707966,1694.0754607609415,0.1030638813972473,0.0683951526880264,0.0449540801346302,0.2594484498375526,2,quiet,0.4056309516762677
unlabeled,Office2.wav,215,0.017656996846199,0.0417893379926681,7.482973008845233,0.3612009108453244,1598.905196448697,0.0970347598195076,0.0664963796734809,0.0507514961063861,0.232995450503381,2,quiet,0.6278843809599015
unlabeled,Office2.wav,216,0.0214980710297822,0.0410675145685672,5.621978509018075,0.3317176330250301,1546.9106748786355,0.0955903828144073,0.0495215505361557,0.0405130311846733,0.3601090695813743,2,quiet,1.1219458889556109
unlabeled,Office2.wav,217,0.0221811532974243,0.0410668104887008,5.350136997210812,0.3393563241614002,1500.636674732377,0.0861642062664032,0.0449931323528289,0.039880484342575,0.4417426218505926,2,quiet,1.6890194071059519
unlabeled,Office2.wav,218,0.0209052432328462,0.0435249581933021,6.369662732422652,0.3423146365421256,1647.7352218770304,0.1045787185430526,0.0630702525377273,0.0487518832087516,0.3957701928041894,2,quiet,1.1042024115678157
unlabeled,Office2.wav,219,0.0263795740902423,0.0484763383865356,5.285240564783455,0.3420994363162395,1593.5896193456376,0.1030236184597015,0.0761193931102752,0.0437506511807441,0.4319453997698302,2,quiet,1.6132552929805188
unlabeled,Office2.wav,220,0.0239122509956359,0.0427265278995037,5.0415428118017775,0.3604066041616932,1655.3803463395527,0.104518324136734,0.0502190887928009,0.035682700574398,0.524630728881241,2,quiet,2.1829742435566737
unlabeled,Office2.wav,221,0.0210843961685895,0.0395192019641399,5.456939944000369,0.3796315372823375,1632.4031785861573,0.091357909142971,0.0523472242057323,0.0392820835113525,0.3110221062462076,2,quiet,0.861868345038967
unlabeled,Office2.wav,222,0.0204321537166833,0.0405960269272327,5.963387671968561,0.3529856017818161,1552.9441482631514,0.0997020676732063,0.0565407127141952,0.040309302508831,0.3666297202174668,2,quiet,0.9641582624386594
unlabeled,Office2.wav,223,0.0264674667268991,0.0598988942801952,7.094128575695895,0.3714920842801495,1681.0938170934364,0.1016899645328521,0.0554155148565769,0.0657214745879173,0.3232152237692361,2,quiet,0.982075662955151
unlabeled,Office2.wav,224,0.0218888465315103,0.0456240847706794,6.379425763221384,0.3619991019902475,1598.804717795418,0.0953840389847755,0.0569231361150741,0.0442700609564781,0.3529104526066747,2,quiet,0.8266798619342146
unlabeled,Office2.wav,225,0.0276558976620435,0.0598534755408763,6.706032270918483,0.3626792835589182,1559.723467343813,0.0965616852045059,0.0610757805407047,0.0654293224215507,0.3559999189107947,2,quiet,1.1481063992289215
unlabeled,Office2.wav,226,0.0296138394623994,0.0522796064615249,4.93675182741305,0.3577089063666884,1756.680694516093,0.1125655546784401,0.0792949572205543,0.0457600988447666,0.337739461371719,2,quiet,1.3199613427301515
unlabeled,Office2.wav,227,0.0293149538338184,0.0506597757339477,4.751480953482849,0.3817030716569185,1767.1250617659928,0.1190073639154434,0.098604030907154,0.0437381491065025,0.4046684143257793,2,quiet,1.8664026747863267
unlabeled,Office2.wav,228,0.0219913702458143,0.0434084758162498,5.906444911154423,0.3061885842353087,1480.5409095663897,0.0896216407418251,0.0452293716371059,0.0390548482537269,0.3910843739107006,2,quiet,1.3783243680590402
unlabeled,Office2.wav,229,0.0218181125819683,0.0472608692944049,6.713690522310104,0.3136993442061679,1452.9685954645363,0.0912975147366523,0.0384015925228595,0.0436162427067756,0.3883433125182551,2,quiet,1.3692298517808283
unlabeled,Office2.wav,230,0.0202585998922586,0.0403642132878303,5.987741281753403,0.3621012627022822,1563.810915150828,0.0913528874516487,0.0466064140200614,0.0376556441187858,0.3705932087990148,2,quiet,1.0637360546549168
unlabeled,Office2.wav,231,0.0272880643606185,0.05660130828619,6.337074761570233,0.2563088264399946,1215.5648196099748,0.0689675956964492,0.0257615949958562,0.052417978644371,0.4045031623924683,2,quiet,2.10700887880163
unlabeled,Office2.wav,232,0.0264575257897377,0.0488285273313522,5.3224879454797165,0.3252868374987089,1383.217959299136,0.0834012702107429,0.0423505268990993,0.0436187870800495,0.3800072586711556,2,quiet,1.5330025775378175
unlabeled,Office2.wav,233,0.0240737684071064,0.0426388643682003,4.965231005347038,0.3074747227342024,1339.076354906097,0.0792140960693359,0.0363103598356246,0.0342669822275638,0.408700464558117,2,quiet,1.839457852694793
unlabeled,Office2.wav,234,0.0199388954788446,0.0367047227919101,5.30041701399039,0.3952542567411657,1808.9128461112532,0.1271351128816604,0.0713177993893623,0.0307906530797481,0.3067414738559504,2,quiet,0.9329564524632429
unlabeled,Office2.wav,235,0.0291781593114137,0.0576183646917343,5.910060723483511,0.3244201156699228,1528.7816259415924,0.0938440486788749,0.043235532939434,0.0567707158625125,0.3838107630828099,2,quiet,1.4631347834196764
unlabeled,Office2.wav,236,0.0244178101420402,0.049230221658945,6.090501553741726,0.3809474177083025,1660.8345758693606,0.1105021610856056,0.0579388551414012,0.0509985387325286,0.3222819579709366,2,quiet,0.761358224837253
unlabeled,Office2.wav,237,0.0231712590903043,0.0493894219398498,6.57368617675335,0.2921904953812055,1384.738043754401,0.0789322704076767,0.0370884053409099,0.0518425777554512,0.4070067591003905,2,quiet,1.6646031899303175
unlabeled,Office2.wav,238,0.0429824963212013,0.0766854062676429,5.028421752406623,0.3181281427178082,1504.960995246878,0.0945335254073143,0.0383369512856006,0.0663542449474334,0.4406699953922577,2,quiet,2.250946273139984
unlabeled,Office2.wav,239,0.0296936798840761,0.054828654974699,5.326871384352248,0.3238348499050621,1540.7800630817471,0.1014081463217735,0.0457529500126838,0.0485691800713539,0.4267058665916721,2,quiet,1.6897011798172428
unlabeled,Office2.wav,240,0.0146278422325849,0.0319329500198364,6.781175439964487,0.379967109248713,1560.3036885754575,0.0863051190972328,0.0383977405726909,0.0309623144567012,0.2838743256631408,2,quiet,0.8064533154452754
unlabeled,Office2.wav,241,0.0185111407190561,0.0339798405766487,5.275763072345643,0.3392016817334575,1469.33150203408,0.0745488181710243,0.0326206497848033,0.0295723751187324,0.2338022885071107,2,quiet,1.400520107259731
unlabeled,Office2.wav,242,0.0191739853471517,0.0439895540475845,7.212743336670398,0.3609684550401119,1548.3068696790938,0.1021580100059509,0.0864388868212699,0.0455982387065887,0.3022628751496803,2,quiet,0.8758813725554535
unlabeled,Office2.wav,243,0.0154579365625977,0.0402293503284454,8.307829934321102,0.4030234783192787,1845.9548907384424,0.1133305206894874,0.0925313383340835,0.0459324195981025,0.2555923333671158,2,quiet,1.118342202127773
unlabeled,Office2.wav,244,0.0220934841781854,0.0453580841422081,6.247809821971547,0.3018045193683894,1483.6750946231004,0.0947197303175926,0.0804454460740089,0.0468917042016983,0.3493645211587885,2,quiet,1.1961734372439714
unlabeled,Office2.wav,245,0.0231739412993192,0.0433133170008659,5.432430810678445,0.30528418224569,1461.7552534656163,0.0889170691370964,0.0466817244887352,0.0392381288111209,0.3489368144453925,2,quiet,1.294396735571686
unlabeled,Office2.wav,246,0.0159943047910928,0.0337707959115505,6.49151854046873,0.4436329142487423,1790.562091001239,0.1129279062151908,0.0730256587266922,0.0315794497728347,0.2477094738727951,2,quiet,0.6064864304312547
unlabeled,Office2.wav,247,0.0136367548257112,0.0286053847521543,6.434735189267316,0.3878742484014097,1860.763042902096,0.1209902241826057,0.1103624254465103,0.0278439130634069,0.2199101702671876,2,quiet,1.541800986798716
unlabeled,Office2.wav,248,0.0143297668546438,0.029909024015069,6.391262307926099,0.3380169118539594,1561.164224543757,0.0888919085264206,0.0544328838586807,0.0317899100482463,0.294962157375878,2,quiet,0.6651046196437591
unlabeled,Office2.wav,249,0.021424725651741,0.0432172380387783,6.09483475565947,0.3262658497229154,1476.5579946231285,0.080205537378788,0.0406344048678875,0.0464457683265209,0.2862027050208858,2,quiet,1.080786887298952
unlabeled,Office2.wav,250,0.0287843272089958,0.0553270950913429,5.675635697102708,0.3220844725105107,1467.252675972488,0.0816247463226318,0.037855140864849,0.0535135716199874,0.3624296995587899,2,quiet,1.5102303029381627
unlabeled,Office2.wav,251,0.019114788621664,0.0449178814888,7.420995277345044,0.4030957636273914,1699.614535780138,0.1144678965210914,0.059427373111248,0.0499350950121879,0.3606858600070536,2,quiet,0.7969880574186383
unlabeled,Office2.wav,252,0.0180523432791233,0.0400128923356533,6.913327216837015,0.4464889149739406,1898.1579608940071,0.1332296729087829,0.0701582208275795,0.0395126156508922,0.3069193074436816,2,quiet,0.7405143445930698
unlabeled,Office2.wav,253,0.0219797156751155,0.046877596527338,6.578865310593964,0.3339526341094979,1449.60157694631,0.0904017090797424,0.0334793254733085,0.0519932880997657,0.4529999714622899,2,quiet,1.7904810576815007
unlabeled,Office2.wav+Office3.wav,254,0.0311730578541755,0.0741458237171173,7.526145758892778,0.3638261012044669,1727.4907340067243,0.1196062490344047,0.072947584092617,0.0857535451650619,0.4740656280567255,0,moderate,1.7437915365048988
unlabeled,Office3.wav,255,0.0262453984469175,0.0757926031947135,9.21147304417585,0.5068888557088727,2306.9202149837665,0.1854737401008606,0.1097365617752075,0.0880152583122253,0.3335603342710184,0,moderate,1.568004540057057
unlabeled,Office3.wav,256,0.0119569497182965,0.0219064988195896,5.259051358229367,0.5571390933487802,2525.2959611018023,0.2069984078407287,0.0659737586975097,0.0184037387371063,0.3634866164114804,0,moderate,1.9842847915443123
unlabeled,Office3.wav,257,0.032373309135437,0.0669526606798172,6.311614906922535,0.4683609599059485,2003.446853715046,0.1329075694084167,0.0574018768966198,0.0615440495312213,0.4524153265862519,0,moderate,1.3260625583935497
unlabeled,Office3.wav,258,0.0355557613074779,0.1197263151407241,10.545592667570244,0.4695999592559542,2002.581061278368,0.1533452123403549,0.083493985235691,0.1314304918050766,0.4914221077139848,0,moderate,2.5213997341378738
unlabeled,Office3.wav,259,0.0166710540652275,0.0379673354327678,7.148941155727785,0.479292600307216,1993.4916682923767,0.1433503478765487,0.0640997737646102,0.0394556708633899,0.4651790928406766,0,moderate,1.368850670542784
unlabeled,Office3.wav,260,0.0233362354338169,0.0713380947709083,9.705814151105912,0.4854505342495372,2015.0635012031105,0.146551102399826,0.0675206556916236,0.0789325162768364,0.3557471343660992,0,moderate,1.727981694323549
unlabeled,Office3.wav,261,0.0341308675706386,0.0798701420426368,7.384742566718826,0.525476188927468,2584.0120848442543,0.2394590824842453,0.1424379050731659,0.0847431868314743,0.4411656076837521,0,moderate,1.967012583841578
unlabeled,Office3.wav,262,0.0231668632477521,0.0576294735074043,7.915548315490982,0.5999752207192234,2645.119481303488,0.2309488505125045,0.1222412809729576,0.0592228323221206,0.3087961933245722,0,moderate,1.968921634622475
unlabeled,Office3.wav,263,0.0312364660203456,0.0560474246740341,5.07787535722764,0.4733015022949037,2066.2245195015894,0.1573109477758407,0.075250431895256,0.0474685281515121,0.3985734355674489,0,moderate,1.1873110554323025
unlabeled,Office3.wav,264,0.0337524488568306,0.0702402517199516,6.36561541474705,0.4493697779690606,1966.355801016448,0.1343217343091964,0.0558467917144298,0.0783918350934982,0.5648867659860898,0,moderate,1.6804364755931323
unlabeled,Office3.wav,265,0.0301238857209682,0.0782965198159217,8.296629327326933,0.540849832599058,2542.770277560835,0.221316322684288,0.1134667545557022,0.09717957675457,0.4637571368951117,0,moderate,1.459050501398681
unlabeled,Office3.wav,266,0.0306376349180936,0.0578890964388847,5.526830670371156,0.6305675346294116,3201.6033488919884,0.3315215706825256,0.1245478838682174,0.0567769706249237,0.3480381693047635,0,moderate,3.3081531610212376
unlabeled,Office3.wav,267,0.0296574216336011,0.065952181816101,6.941915501021791,0.6698415710767361,3332.2011013093133,0.3496290743350982,0.1139299646019935,0.0707079768180847,0.2376206938318337,0,moderate,3.8422327105041942
unlabeled,Office3.wav,268,0.0301183555275201,0.0694944038987159,7.26237155332373,0.5688662488972362,2837.94353901212,0.2759358286857605,0.1556972712278366,0.0847063437104225,0.4132448255411319,0,moderate,2.710149670607984
unlabeled,Office3.wav,269,0.0289962030947208,0.0579458475112915,6.013623709714711,0.5846315936728437,2708.8918247989927,0.2369176149368286,0.0894110724329948,0.0570078045129776,0.4382623345788922,0,moderate,1.3736102039213154
unlabeled,Office3.wav,270,0.029593750834465,0.0945906341075897,10.09296245842342,0.4241536884132035,1878.4631755904484,0.1431792229413986,0.0583817921578884,0.113861933350563,0.4576657368614649,0,moderate,2.2593847946709533
unlabeled,Office3.wav,271,0.0360614396631717,0.066072292625904,5.259526302798035,0.4181105210790136,1945.948594472176,0.1328572332859039,0.0534806363284587,0.0635056421160698,0.5990738527789757,0,moderate,2.041552146761609
unlabeled,Office3.wav,272,0.0343030504882335,0.0650107488036155,5.553048504200591,0.5526879410357703,2633.750845711821,0.2141498476266861,0.1206602156162262,0.0562363564968109,0.5011922734219291,0,moderate,1.5021854511590866
unlabeled,Office3.wav,273,0.0430190563201904,0.091637022793293,6.568201820603835,0.4965684018739205,2264.3179220749757,0.1732342839241027,0.0930357873439788,0.0941038280725479,0.53773655488644,0,moderate,1.1963105102732992
unlabeled,Office3.wav,274,0.0300448909401893,0.0782136693596839,8.310240566011082,0.5488845624641531,2348.891420650549,0.1710853427648544,0.0759047716856002,0.0872105211019516,0.4411138101940102,0,moderate,1.015966213221054
unlabeled,Office3.wav,275,0.0389926172792911,0.0713445767760276,5.247571568886043,0.4798392958410099,2179.540666794201,0.1624996215105056,0.076885275542736,0.0661157518625259,0.4877208421093867,0,moderate,1.002801000341939
unlabeled,Office3.wav,276,0.0286017768085002,0.0613389909267425,6.626872261489937,0.5546172606908705,2641.551563383838,0.2273253500461578,0.1226924434304237,0.0576591566205024,0.4721017880322178,0,moderate,1.458766562779097
unlabeled,Office3.wav,277,0.0311848893761634,0.0576713420450687,5.340316987516934,0.5796190693850999,2605.6994721470346,0.219620332121849,0.0928555354475975,0.048488151282072,0.4493982954174383,0,moderate,1.2991683980497841
unlabeled,Office3.wav,278,0.0315073356032371,0.0823851004242897,8.348739913439614,0.5650912814865893,2476.361470999746,0.2027407735586166,0.0899575501680374,0.0960341393947601,0.415457392025437,0,moderate,1.2223709683287267
unlabeled,Office3.wav,279,0.0477593801915645,0.100171573460102,6.433716261948299,0.3898914859788195,1832.58677347628,0.1434811800718307,0.0434967502951622,0.1068845689296722,0.5848120968318812,0,moderate,2.4101786688293565
unlabeled,Office3.wav,280,0.0607180371880531,0.1081210449337959,5.011850202884439,0.4055792292364489,1989.0435227684795,0.1635816395282745,0.0508555099368095,0.0953244119882583,0.5544705905877397,0,moderate,2.293280740846783
unlabeled,Office3.wav,281,0.0386543646454811,0.0805686488747596,6.379350816257885,0.4358734647473202,1884.0830596739108,0.141070544719696,0.0616005398333072,0.0792313441634178,0.4719604874060761,0,moderate,1.3812509475483936
unlabeled,Office3.wav,282,0.0172580294311046,0.0356351993978023,6.297759733370334,0.4408233726061719,2040.6308110421528,0.151050329208374,0.0586897283792495,0.0342365615069866,0.4904074128304487,0,moderate,1.5363055438132656
unlabeled,Office3.wav,283,0.025044897571206,0.0518496036529541,6.320523603459771,0.4877484651941103,2264.147974873252,0.1816690266132354,0.0915998071432113,0.0577859096229076,0.4471019312692391,0,moderate,0.42987884508309915
unlabeled,Office3.wav,284,0.0261401757597923,0.0571021921932697,6.786885543939524,0.4825769102740815,2262.592314084625,0.2079898566007614,0.1295376569032669,0.0602024719119071,0.4370494191989469,0,moderate,1.2630081213695585
unlabeled,Office3.wav,285,0.0276015363633632,0.0552045069634914,6.020825563613915,0.4994583966360661,2197.290110868712,0.1738533079624176,0.076808288693428,0.0595820397138595,0.4933709920826865,0,moderate,0.7036750600582019
unlabeled,Office3.wav,286,0.0610239915549755,0.1124550700187683,5.309568574400135,0.5522817895631766,2766.328178263518,0.2561775743961334,0.062048565596342,0.0909194499254226,0.3997157287545277,0,moderate,2.3536234046151656
unlabeled,Office3.wav,287,0.047442901879549,0.0962131023406982,6.141259458003004,0.4707204209336573,2085.298352593005,0.1527916193008422,0.0559313371777534,0.0851097851991653,0.44467466862432,0,moderate,1.4882970148015209
unlabeled,Office3.wav,288,0.0439170785248279,0.1033805385231971,7.436106950643492,0.515463264697306,2227.4285828728007,0.1782921105623245,0.0672200992703437,0.118535965681076,0.5022799759952113,0,moderate,1.660050805133094
unlabeled,Office3.wav,289,0.0426495037972927,0.0827898159623146,5.761258678424892,0.6019769630692234,2783.488917320648,0.2521212697029114,0.0763702318072319,0.0826380252838134,0.3875356662149762,0,moderate,1.8757276057685297
unlabeled,Office3.wav,290,0.052575696259737,0.0936195626854896,5.011631500132308,0.5156057431492385,2356.9640128684523,0.2078489065170288,0.1082904860377311,0.079818770289421,0.4393267827480524,0,moderate,1.4729121838402004
unlabeled,Office3.wav,291,0.0301098898053169,0.0526628158986568,4.855898210809333,0.4992804843542264,2164.156148068136,0.1562641561031341,0.0626410618424415,0.0472176820039749,0.528399135308289,0,moderate,1.494229285342227
unlabeled,Office3.wav,292,0.02738793566823,0.0672709122300148,7.805360339456567,0.5361517940964831,2347.822949855033,0.1899578273296356,0.0644573867321014,0.0677304565906524,0.389582831891075,0,moderate,0.9815316149983263
unlabeled,Office3.wav,293,0.0296330116689205,0.058217529207468,5.865559539517755,0.4602256730703809,2057.468591884266,0.1634256243705749,0.0907435417175293,0.0544705688953399,0.5087733895099896,0,moderate,0.882387283678913
unlabeled,Office3.wav,294,0.0251553356647491,0.053889125585556,6.617420380137393,0.4581985415557656,2065.501873315389,0.1586546748876571,0.0717521086335182,0.0574055314064025,0.4486613276689083,0,moderate,0.7986940628803112
unlabeled,Office3.wav,295,0.0289006289094686,0.0527362152934074,5.224033288193624,0.5177273642792543,2420.340094478741,0.2019003182649612,0.1093617230653762,0.0448682904243469,0.420991809817004,0,moderate,1.1865089497263224
unlabeled,Office3.wav,296,0.0290713775902986,0.0586200170218944,6.091606550259047,0.4789902229270641,2363.5031627605567,0.2064297199249267,0.1161107271909713,0.0691255256533622,0.4205848626462053,0,moderate,0.9895371092069961
unlabeled,Office3.wav,297,0.0226183664053678,0.0486309826374053,6.649036177094956,0.4960458252758477,2203.9623941667305,0.1738935708999633,0.1075677946209907,0.0480509474873542,0.4973008909253446,0,moderate,0.8949094109034376
unlabeled,Office3.wav,298,0.0299752727150917,0.0733345672488212,7.7709117934938625,0.4250746986169877,2439.041347145182,0.2699368596076965,0.1779416650533676,0.0856470540165901,0.4848237437405688,0,moderate,3.0456441985797658
unlabeled,Office3.wav,299,0.0270439516752958,0.0832712724804878,9.76850097832055,0.4702753460968665,2410.0820841636205,0.2453624010086059,0.1363537907600402,0.1003947779536247,0.5206299583838618,0,moderate,2.3586244641089977
unlabeled,Office3.wav,300,0.038069162517786,0.0760774090886116,6.013647805584135,0.4465282322217998,2062.166631340409,0.1448953747749328,0.0543096587061882,0.0831456109881401,0.5857696893627311,0,moderate,1.7744625633902857
unlabeled,Office3.wav,301,0.0304807126522064,0.0780543759465217,8.1674427639352,0.4404560148530541,2192.867428650612,0.1731587946414947,0.0777957066893577,0.0879071503877639,0.5164000540341347,0,moderate,1.0720878481356546
unlabeled,Office3.wav,302,0.0253915358334779,0.048548400402069,5.629719077630977,0.5129654506366614,2358.9887280405555,0.1984529644250869,0.0930592119693756,0.0446556508541107,0.4193385593806401,0,moderate,0.9024334423154987
unlabeled,Office3.wav,303,0.0187966879457235,0.0599120333790779,10.068654528705787,0.4641360576021012,2140.640933203073,0.1561886519193649,0.0778251588344574,0.065193235874176,0.4146493470254159,0,moderate,1.5616166978809207
unlabeled,Office3.wav,304,0.0177899543195962,0.0549626089632511,9.79785010091528,0.5353822662222482,2250.638123882825,0.1881108433008194,0.0693410262465477,0.074515052139759,0.4081448087519979,0,moderate,1.5060100834140246
unlabeled,Office3.wav,305,0.0259868428111076,0.0479367040097713,5.318292992771906,0.4646788102870738,2029.6069645003424,0.1540900319814682,0.0822407975792884,0.0442920178174972,0.4093047589801655,0,moderate,1.1515341390791067
unlabeled,Office3.wav,306,0.0287510324269533,0.0702936127781868,7.765248386362817,0.4362358783328476,2056.404115272689,0.1850409209728241,0.1016270369291305,0.0756364092230796,0.5142749620187607,0,moderate,0.917824161365499
unlabeled,Office3.wav,307,0.0189093332737684,0.0375008024275302,5.947286865470311,0.4791661741771599,2133.350787554404,0.1591378003358841,0.0715954229235649,0.035068929195404,0.4456186884666267,0,moderate,1.2040778740057398
unlabeled,Office3.wav,308,0.0217821318656206,0.0476238019764423,6.794473595383428,0.3736936935117388,1729.9695497712737,0.1455345153808593,0.1130347475409507,0.0549520701169967,0.4124966822398277,0,moderate,1.5654369766086587
unlabeled,Office3.wav,309,0.0227004569023847,0.0476437769830226,6.439431671040047,0.3710831313204458,1521.575006851452,0.0958269089460372,0.0370627269148826,0.0500596389174461,0.4698444322071446,2,quiet,1.7857604669277098
unlabeled,Office3.wav,310,0.0215888544917106,0.049125287681818,7.141510126436551,0.4475915976910494,1980.403069058381,0.1481213122606277,0.0922286286950111,0.0504820980131626,0.4230616307106941,0,moderate,0.9539855962735183
unlabeled,Office3.wav,311,0.0325274430215358,0.0575671456754207,4.95849542409124,0.4194494246833399,1926.7906648396204,0.1356000453233719,0.0619212388992309,0.0488365180790424,0.4460049977259269,0,moderate,1.6110028114712038
unlabeled,Office3.wav,312,0.0213353354483842,0.0589846670627594,8.832793111621836,0.4448452671528179,2141.389514528389,0.1669686287641525,0.094569131731987,0.0697211325168609,0.4016235663427454,0,moderate,1.0615442370470611
unlabeled,Office3.wav,313,0.0233906023204326,0.0522741377353668,6.984909430920179,0.430499979549476,1875.1179083942357,0.1467473953962326,0.1143103167414665,0.0527810901403427,0.4050131174847137,0,moderate,1.300947154319284
unlabeled,Office3.wav,314,0.0164018422365188,0.0449625439941883,8.75916487659281,0.4290534103576461,1793.21595930561,0.1312870532274246,0.0522800050675869,0.0553724244236946,0.5337521692469098,0,moderate,1.9889204179572753
unlabeled,Office3.wav,315,0.0193003974854946,0.0446146391332149,7.2782226000144465,0.3564482245306339,1568.2692317047936,0.1077543199062347,0.0494599789381027,0.0496175289154052,0.4720666817851084,2,quiet,1.6494023575431225
unlabeled,Office3.wav,316,0.0160014107823371,0.033550176769495,6.430730738041196,0.4420559355747115,1829.2938127523596,0.1292790174484253,0.06806680560112,0.0335293672978878,0.4344891773160799,2,quiet,1.3855072699719735
unlabeled,Office3.wav,317,0.0128345880657434,0.0335429310798645,8.344381469861638,0.4535324988312053,2100.739159463028,0.1800334155559539,0.089989922940731,0.0390951707959175,0.4917925492457577,0,moderate,1.2625594995235752
unlabeled,Office3.wav,318,0.0205954127013683,0.0486600287258625,7.468037215311545,0.4857525840497952,2120.4382164282406,0.1639288961887359,0.0523812994360923,0.0597697459161281,0.4073215453304826,0,moderate,1.2436616606105917
unlabeled,Office3.wav,319,0.0290230400860309,0.0599585697054863,6.3021672376858575,0.4220882909746862,1848.507929578544,0.1421374678611755,0.0965541750192642,0.0603937469422817,0.4517820362351352,0,moderate,1.1030774555788851
unlabeled,Office3.wav,320,0.0230083968490362,0.0443567372858524,5.701464663966828,0.4081856091416151,1842.687202216036,0.1264355778694152,0.0724088326096534,0.0418383628129959,0.4894423804499103,0,moderate,1.634049995468155
unlabeled,Office3.wav,321,0.0186094772070646,0.035584133118391,5.630444327780182,0.3856820848333182,1623.6518168036462,0.103506751358509,0.0365902259945869,0.032608937472105,0.4704182492526223,2,quiet,1.7960192525417369
unlabeled,Office3.wav,322,0.0256737135350704,0.0525278449058532,6.218017822881833,0.413648173541862,1899.2085810695105,0.1320771723985672,0.0650601163506507,0.0548649206757545,0.3675824544114449,2,quiet,1.1392104377355798
unlabeled,Office3.wav,323,0.0238130949437618,0.0495512299239635,6.364771884458557,0.3954199064711206,1744.2239748983218,0.1264255046844482,0.0863904580473899,0.0476517677307128,0.429422832868532,0,moderate,1.5033107171937807
unlabeled,Office3.wav,324,0.0195217598229646,0.0493125803768634,8.048775235212444,0.3967621603917918,1655.236433556344,0.1100341156125068,0.0424994193017482,0.0584774017333984,0.4884501092026346,2,quiet,1.894942481358762
unlabeled,Office3.wav,325,0.0199442226439714,0.0506135746836662,8.088997925637333,0.5353520648227913,2431.087215276461,0.2029622197151184,0.0756242796778678,0.0687186270952224,0.4607335158546392,0,moderate,0.912890940707148
unlabeled,Office3.wav,326,0.0194278750568628,0.0380549728870391,5.839722279108015,0.5611262282103336,2443.619114761801,0.2137019336223602,0.0730681493878364,0.0328903719782829,0.439747536163178,0,moderate,1.364172710800984
unlabeled,Office3.wav+Office4.wav,327,0.017831427976489,0.0322426073253154,5.144880586185212,0.52152045154896,2403.17872039602,0.199665829539299,0.0949376970529556,0.0288224816322326,0.3132346726430857,0,moderate,1.744709066495924
unlabeled,Office4.wav,328,0.0167405027896165,0.0373360738158226,6.967202949650021,0.4376131862745907,2532.7303191418405,0.2279695272445678,0.165075734257698,0.0466602444648742,0.3964859475283193,0,moderate,2.532912722776358
unlabeled,Office4.wav,329,0.0099256867542862,0.0191581901162862,5.711878228422212,0.4200522632244664,1780.525103372349,0.1086199432611465,0.0595838017761707,0.0158847048878669,0.2912531631801006,2,quiet,0.8463193503835594
unlabeled,Office4.wav,330,0.0084325904026627,0.0163429342210292,5.74738048843871,0.4155975435853647,1835.1382934335784,0.1090527549386024,0.05394272133708,0.0156774204224348,0.259934908655509,2,quiet,0.9026322654485118
unlabeled,Office4.wav,331,0.0085634486749768,0.0160924661904573,5.47947807739333,0.4727678911793213,2088.964600708302,0.1298477202653885,0.0641399100422859,0.0146078867837786,0.2389742285671791,2,quiet,1.3135000907997754
unlabeled,Office4.wav,334,0.0078765684738755,0.0165905859321355,6.470493372028983,0.4714394564221512,2025.5308893805343,0.1365210115909576,0.084012284874916,0.0164608936756849,0.2603245844850064,2,quiet,1.2720564650880914
unlabeled,Office4.wav,335,0.0072030955925583,0.0183975901454687,8.1448351511924,0.4385290557323347,1850.611962552888,0.1180813461542129,0.0729696005582809,0.0202489346265792,0.2463939712988299,2,quiet,0.9346645563681207
unlabeled,Office4.wav,337,0.0095590511336922,0.0232984833419322,7.738257266011066,0.4416941671930972,1888.8632354079543,0.1282523572444915,0.0748086497187614,0.0298495721071958,0.2795275382017194,2,quiet,0.8117193906658079
unlabeled,Office4.wav,338,0.0099419290199875,0.0195590499788522,5.877541922032126,0.5269306545075999,2220.745662250101,0.1629877984523773,0.068266861140728,0.0191186591982841,0.2558302613583147,2,quiet,1.694702003593903
unlabeled,Office4.wav,347,0.0074433651752769,0.0153829520568251,6.305407145390804,0.4591119503476745,1949.315194174125,0.1153737753629684,0.0563831366598606,0.0163181293755769,0.1521348060052529,2,quiet,1.3401732586801547
unlabeled,Office4.wav,353,0.0097960568964481,0.0174536686390638,5.016708514462314,0.4314758361359964,1894.0150386091996,0.1283026784658432,0.0663789063692092,0.0145653542131185,0.3616575161626846,2,quiet,1.3721225431876192
unlabeled,Office4.wav,363,0.0099738193675875,0.0208747647702693,6.415201788311359,0.4603603280113566,1979.0570302213816,0.1147899851202964,0.0571917258203029,0.0210594795644283,0.2210495549669167,2,quiet,0.9384545039171107
unlabeled,Office4.wav,364,0.0098327696323394,0.0230039358139038,7.3825256046904,0.5354665670130089,2280.437556692116,0.1471248418092727,0.0880071297287941,0.0233469046652317,0.1843319177831881,2,quiet,1.852663416860511
unlabeled,Office4.wav,365,0.0070159388706088,0.0165054257959127,7.430818649866312,0.5099736712894374,2226.2378177074625,0.137436956167221,0.0781803801655769,0.0196775458753108,0.1172455357666792,2,quiet,1.9051794683954848
unlabeled,Office4.wav,368,0.0067593259736895,0.015804348513484,7.3774640651179135,0.5130724105427855,2097.473312383498,0.1323388814926147,0.0841536372900009,0.0171264465898275,0.2060991071364244,2,quiet,1.5281120563043888
unlabeled,Office7.wav,377,0.0139857232570648,0.0308176260441541,6.862284977057333,0.4580723273051678,1975.9025935247969,0.1187205016613006,0.08156269043684,0.031354296952486,0.1999160622791485,2,quiet,1.0513399004620512
unlabeled,Office7.wav,378,0.010736702941358,0.0299325063824653,8.905442875786271,0.4152824693076733,2097.4547521053537,0.148488700389862,0.1145198568701744,0.0376538224518299,0.2148995675446172,2,quiet,2.0222596060911027
unlabeled,Office7.wav,379,0.0148341506719589,0.0582677163183689,11.883306182079076,0.3959723893941808,1537.9892219865349,0.0922386273741722,0.0558527335524559,0.0788907334208488,0.3330985681110741,2,quiet,2.446484258809898
unlabeled,Office7.wav,380,0.0175210293382406,0.0526443272829055,9.555839238560017,0.271194583041771,1098.2727401125342,0.0526668056845665,0.0244375802576541,0.0668133869767189,0.2179390864321628,2,quiet,2.349063947609659
unlabeled,Office7.wav,381,0.0126254232600331,0.0401316992938518,10.04483201121702,0.3821612683437027,1587.8079523974095,0.0841612070798873,0.064672827720642,0.0580481737852096,0.2108080628033584,2,quiet,1.5632378512347964
unlabeled,Office7.wav,383,0.0074417567811906,0.0213520154356956,9.155267981146777,0.3516245938239208,1464.712598516616,0.0740354880690574,0.0371280424296855,0.0327797494828701,0.2361929066424256,2,quiet,1.4533400676786794
unlabeled,Office7.wav,384,0.0166105180978775,0.0323839001357555,5.7989194314053085,0.3707709480592899,1689.1617498365736,0.1037231683731079,0.0700374394655227,0.0295987762510776,0.2614991981417947,2,quiet,0.6391774556801508
unlabeled,Office7.wav,385,0.00973975751549,0.021508214995265,6.881124438320291,0.4808783979176141,2120.4951605975475,0.1317953616380691,0.0907059386372566,0.0230698063969612,0.1571300810442902,2,quiet,1.632048183605045
unlabeled,Office7.wav,386,0.0116835450753569,0.0300537012517452,8.20646648621787,0.4249234246479761,1958.7209851513064,0.1273816972970962,0.0773014947772026,0.03218474984169,0.2197535749845964,2,quiet,1.0000691265388637
unlabeled,Office7.wav,387,0.0103042582049965,0.0388760045170784,11.533297761529422,0.4460567454673467,2262.738282344344,0.1815532892942428,0.1157981678843498,0.0580517724156379,0.1611783758983721,2,quiet,3.1189232170636294
unlabeled,Office7.wav,388,0.0073173022828996,0.0208315961062908,9.087430927602448,0.506671187555844,2119.3949296578667,0.1408943980932235,0.112037718296051,0.0274144411087036,0.1385775294556366,2,quiet,2.356553051212923
unlabeled,Office7.wav,389,0.0233205445110797,0.0524641647934913,7.042481517998449,0.2983962044343332,1290.479243102105,0.0626163780689239,0.0349775217473506,0.0588842406868934,0.291227899455267,2,quiet,1.542549409772148
unlabeled,Office7.wav,390,0.0141816567629575,0.03306470438838,7.352753451152969,0.4060197307424131,1694.1132424770285,0.094513401389122,0.0642473399639129,0.0372239500284194,0.2758522403767185,2,quiet,0.2851305428651036
unlabeled,Office7.wav,391,0.0170640032738447,0.0349575467407703,6.229200398827352,0.3975730838953488,1703.7123943091412,0.0962748229503631,0.0504219643771648,0.0393795780837535,0.2192929418106963,2,quiet,0.6693085413005824
unlabeled,Office7.wav,392,0.0070337485522031,0.0266458522528409,11.568855443089774,0.4710812913379181,2068.944836927515,0.1374721974134445,0.0928233936429023,0.053699679672718,0.1768253708263881,2,quiet,2.540324240925692
unlabeled,Office7.wav,393,0.0073849731124937,0.0275268238037824,11.428143604856256,0.4974305815088121,2213.696840305057,0.1629072725772857,0.1152012199163436,0.0411078669130802,0.1448843493735381,2,quiet,3.0316241715089314
unlabeled,Office7.wav,397,0.0114412670955061,0.0299758128821849,8.365936849230893,0.3777428070363385,1640.3068654026858,0.0893448442220687,0.0838792622089386,0.0360533595085144,0.2968607183913394,2,quiet,0.9592794134212463
unlabeled,Office7.wav,398,0.006979685742408,0.0190893337130546,8.739097942666348,0.4722059336769675,2004.880987265508,0.1252377927303314,0.0722825601696968,0.0225304309278726,0.1584101814468441,2,quiet,1.5296918468679037
unlabeled,Office7.wav,400,0.0068278447724878,0.0320755690336227,13.437814511483545,0.4725968297471711,1878.080610103871,0.1224497035145759,0.0829314813017845,0.0443273931741714,0.2213549817900279,2,quiet,3.0034628277752224
unlabeled,Office7.wav,401,0.0103385262191295,0.0326295457780361,9.98304783693822,0.570023737026225,2496.4047586314423,0.2065907716751098,0.1104814931750297,0.0425655469298362,0.2039846631402784,0,moderate,2.704002922333851
