location,source_files,clip_index,noise_floor_rms,speech_rms,snr_estimate_db,spectral_flatness_mean,spectral_centroid_mean,zcr_mean,zcr_std,energy_dynamic_range,band_energy_ratio_mean
unlabeled,20260604_145245_744.amr+20260604_145302_351.amr,0,0.013372662477195263,0.03859549015760422,9.20637350810272,0.19518991948399134,973.0957407627004,0.05997423082590103,0.030583498999476433,0.059108421206474304,0.1949602068322091
unlabeled,20260604_145302_351.amr+20260605_100710_722.amr,1,0.010149901732802391,0.030840571969747543,9.653211668149446,0.1557089090272403,853.4894371986703,0.05819769948720932,0.050225578248500824,0.03932445868849754,0.13695772142812393
unlabeled,20260605_100710_722.amr+20260605_100756_942.amr+20260605_100821_171.amr+20260605_100849_430.amr,2,0.10497068613767624,0.19424286484718323,5.345540772116909,0.28803935193866853,1911.2746915575754,0.16673210263252258,0.042734235525131226,0.20037254691123962,0.16263804815605823
unlabeled,20260605_100849_430.amr+20260605_101553_661.amr+20260605_101604_261.amr,3,0.1227424293756485,0.18629440665245056,3.62410201635512,0.33448922813954196,2062.3738070395384,0.19581079483032227,0.0572519525885582,0.16798049211502075,0.22726316227535912
unlabeled,20260605_101604_261.amr+20260605_101758_177.amr+20260605_101847_801.amr+20260605_173540_067.amr,4,0.1102907583117485,0.17629410326480865,4.073973264711277,0.33070115446136333,2119.0079384461797,0.19846805930137634,0.0471586212515831,0.19039158523082733,0.22703477613703904
unlabeled,Demo audio 1.wav+Metro10_amr.amr,7,0.00444488599896431,0.08351746946573257,25.478333818347135,0.15914237809741094,831.1278129678363,0.05295367166399956,0.06190057843923569,0.10301204025745392,0.17422248782304253
unlabeled,Metro10_amr.amr,8,0.0619034543633461,0.09285883605480194,3.522167021053675,0.16019643528843577,699.3343950276368,0.03316020965576172,0.010264060460031033,0.06090227887034416,0.23066366184383544
unlabeled,Metro10_amr.amr,9,0.08251591771841049,0.11925579607486725,3.1988352305835352,0.1398877944020788,642.1793750104046,0.03677869215607643,0.0070899478159844875,0.07271242886781693,0.3835883661472103
unlabeled,Metro10_amr.amr,10,0.08595626801252365,0.12391404062509537,3.1768593462376096,0.1332651237951017,643.0679226397278,0.038379084318876266,0.009823705069720745,0.07556342333555222,0.38694666798529487
unlabeled,Metro10_amr.amr,11,0.08846155554056168,0.12628670036792755,3.0920608812830412,0.12872511975356926,619.4475467746398,0.0376594103872776,0.0072633796371519566,0.07483470439910889,0.4019196418912716
unlabeled,Metro10_amr.amr,12,0.09072926640510559,0.13825583457946777,3.658721372291544,0.12790564733265294,613.3678226788255,0.037352416664361954,0.005445945076644421,0.09464699774980545,0.3958689703272934
unlabeled,Metro10_amr.amr,13,0.07949667423963547,0.1257888376712799,3.98586287376186,0.1462602148052784,656.6749325606579,0.03553059697151184,0.008133217692375183,0.09037192165851593,0.28989505610118227
unlabeled,Metro10_amr.amr,14,0.08452364802360535,0.14573371410369873,4.731636004265075,0.12871267756423743,739.7827830081268,0.04914897307753563,0.04518100991845131,0.11544741690158844,0.4005209742113046
unlabeled,Metro10_amr.amr,15,0.08073937892913818,0.1402786523103714,4.798123605317485,0.11733113130758821,756.9685949448605,0.046542055904865265,0.02675536274909973,0.1239531934261322,0.22216464115132178
unlabeled,Metro10_amr.amr,16,0.059354085475206375,0.13087749481201172,6.868287103709653,0.14762465145139164,768.6544244689953,0.04346207156777382,0.026483841240406036,0.14542196691036224,0.19773564333713972
unlabeled,Metro10_amr.amr,17,0.060516346246004105,0.1523638516664505,8.020184867119628,0.16819676641384557,790.6318348237761,0.04232971742749214,0.02972228266298771,0.16707199811935425,0.1140967663669279
unlabeled,Metro10_amr.amr,18,0.04797106981277466,0.12110462039709091,8.043626165982548,0.20845822659184526,865.4955186820021,0.036834053695201874,0.01876768469810486,0.14772698283195496,0.06164991141416498
unlabeled,Metro10_amr.amr,19,0.04588664695620537,0.07542601227760315,4.31669646295169,0.2172051862393279,967.6370577241936,0.041796255856752396,0.026241501793265343,0.054511625319719315,0.06144500396140328
unlabeled,Metro10_amr.amr+Metro11_amr.amr,20,0.0647522434592247,0.12641744315624237,5.811043640727474,0.21295699966886136,858.6139899242148,0.04320539906620979,0.01770508661866188,0.11352619528770447,0.2299280041504977
unlabeled,Metro11_amr.amr,21,0.09197361767292023,0.14316385984420776,3.8434025890551777,0.13952784896610917,632.7292322367778,0.03358295559883118,0.009083441458642483,0.10088658332824707,0.23680507801524806
unlabeled,Metro11_amr.amr,22,0.12292355298995972,0.17985212802886963,3.3056095209960152,0.10209221509173703,554.4388638950571,0.03689444437623024,0.008612090721726418,0.11772328615188599,0.4217102729318403
unlabeled,Metro11_amr.amr,23,0.11047734320163727,0.17858226597309113,4.171302150175175,0.1094116115257985,600.0622472625842,0.04018077254295349,0.010007108561694622,0.13974902033805847,0.5409810321320182
unlabeled,Metro11_amr.amr,24,0.10395090281963348,0.1483902633190155,3.09154279612019,0.11864400167018965,660.5830656560058,0.04698492959141731,0.009625902399420738,0.09679806977510452,0.5160886568209143
unlabeled,Metro11_amr.amr,25,0.09933534264564514,0.1401471048593521,2.989606725931128,0.13479999874854096,670.5165997693829,0.04103129357099533,0.01171903870999813,0.07846082746982574,0.415117328483914
unlabeled,Metro11_amr.amr,26,0.10948432236909866,0.17261382937431335,3.9544730488649926,0.12784571050985732,651.7875483379852,0.04354259371757507,0.012680678628385067,0.12158477306365967,0.4737326206143139
unlabeled,Metro11_amr.amr,27,0.11464780569076538,0.18038511276245117,3.9366989031027035,0.09293110711965868,506.8225867902488,0.03170577064156532,0.007052402477711439,0.13414180278778076,0.30548220287858624
unlabeled,Metro11_amr.amr,28,0.10255750268697739,0.16280189156532288,4.01384018682165,0.08206318877240897,484.68406152235553,0.03256635367870331,0.006284239236265421,0.11662163585424423,0.30174280601376074
unlabeled,Metro11_amr.amr+Metro1_amr.amr,29,0.05447011813521385,0.10123750567436218,5.38366237545119,0.20888847540424726,871.2792338429589,0.03275759518146515,0.012339903973042965,0.08872781693935394,0.09845608620221338
unlabeled,Metro1_amr.amr,30,0.043027933686971664,0.06581093370914459,3.690951230418654,0.2187496501164259,913.9206909048467,0.034826017916202545,0.012174241244792938,0.04792298004031181,0.0761102875702389
unlabeled,Metro1_amr.amr,31,0.044637225568294525,0.0754045695066452,4.554009426200584,0.22011671521603865,898.9214372201296,0.033884912729263306,0.013345485553145409,0.05917826667428017,0.06760214160355812
unlabeled,Metro1_amr.amr,32,0.0476231649518013,0.07792988419532776,4.277715520860416,0.21474279985839334,886.2459809737119,0.03205302357673645,0.011596010066568851,0.05948672443628311,0.0713873555534339
unlabeled,Metro1_amr.amr,33,0.07973693311214447,0.12894615530967712,4.174977397297063,0.1982297298559211,877.8369054883078,0.038444504141807556,0.016955843195319176,0.09609994292259216,0.11942056966607195
unlabeled,Metro1_amr.amr,34,0.11308377981185913,0.1821065992116928,4.138507353493795,0.15884027352911775,716.9571616409614,0.03323569893836975,0.01917683333158493,0.1285986602306366,0.11020201721234255
unlabeled,Metro1_amr.amr,35,0.12982767820358276,0.19984109699726105,3.746350290624305,0.11211540900383098,525.8364420488781,0.022898612543940544,0.007075178436934948,0.14279700815677643,0.05845999931600117
unlabeled,Metro1_amr.amr,36,0.10950575768947601,0.18774472177028656,4.682615629895334,0.1251069029826726,582.5478910141219,0.029758131131529808,0.008363044820725918,0.1645916849374771,0.14466951040097806
unlabeled,Metro1_amr.amr,37,0.10669099539518356,0.18075090646743774,4.5790543362043294,0.14928519253024894,653.6412164631043,0.031449101865291595,0.00892364140599966,0.14199654757976532,0.14805226910243716
unlabeled,Metro1_amr.amr,38,0.06824222952127457,0.11473385244607925,4.512767377730888,0.2235472746295731,932.334157059457,0.04476049169898033,0.014874049462378025,0.0901968777179718,0.2269988610935418
unlabeled,Metro1_amr.amr,39,0.07817306369543076,0.1178826168179512,3.567852699557897,0.19940814400526136,860.4399536908671,0.037050459533929825,0.01152821909636259,0.08325021713972092,0.16898796594617263
unlabeled,Metro1_amr.amr,40,0.05864543467760086,0.08190255612134933,2.901264923640018,0.21565648451884376,910.7438748617293,0.040427371859550476,0.014125223271548748,0.04596240818500519,0.18809489495357348
unlabeled,Metro1_amr.amr,41,0.05612097680568695,0.08234060555696487,3.3297766976560084,0.21933633341440276,897.0916714508251,0.03573693335056305,0.013328123837709427,0.052025072276592255,0.11699167837428338
unlabeled,Metro1_amr.amr,42,0.05294489115476608,0.075538270175457,3.0868595043376934,0.21828439369001187,914.0850311437265,0.037095747888088226,0.017683256417512894,0.040248800069093704,0.12273380089167489
unlabeled,Metro1_amr.amr,43,0.04919992387294769,0.07275804132223129,3.398331361695999,0.22804868304641343,974.5241283403215,0.0449819341301918,0.02549491822719574,0.04632790386676788,0.16833608093985356
unlabeled,Metro1_amr.amr,44,0.048327524214982986,0.06926988810300827,3.126998774158637,0.22306653178636363,959.720569079279,0.03644653782248497,0.014855998568236828,0.04219181835651398,0.0778466598882066
unlabeled,Metro1_amr.amr,45,0.05441771447658539,0.1119113340973854,6.262675499432534,0.23080082766441457,1060.0001267710836,0.04606898874044418,0.020270822569727898,0.11345560848712921,0.06563411164193134
unlabeled,Metro1_amr.amr,46,0.07659965753555298,0.11403916776180267,3.4565442215734556,0.2277896938254359,984.172484044056,0.04860544949769974,0.015162414871156216,0.07982144504785538,0.2483854271085383
unlabeled,Metro1_amr.amr,47,0.08036655187606812,0.11615502089262009,3.199253035178779,0.21419955565192975,936.5284923967406,0.04952139034867287,0.014980905689299107,0.07406757771968842,0.3406946595978648
unlabeled,Metro1_amr.amr,48,0.07928978651762009,0.11593148857355118,3.2996832714719107,0.22772986433209208,972.4821981540892,0.04646153748035431,0.014952542260289192,0.07055499404668808,0.21542799642472
unlabeled,Metro1_amr.amr,49,0.06735911965370178,0.14979279041290283,6.941890164061758,0.17522185837503293,744.5718286895003,0.029768195003271103,0.011861988343298435,0.16836443543434143,0.07017626898152268
unlabeled,Metro1_amr.amr,50,0.05625026300549507,0.08580143749713898,3.6674001264494196,0.17652473130569163,748.1920978343879,0.029285060241818428,0.011954126879572868,0.0584854893386364,0.08165135557484689
unlabeled,Metro1_amr.amr,51,0.059123627841472626,0.09181863069534302,3.8233947378156135,0.16861938969941362,716.462478856491,0.029793359339237213,0.011475101113319397,0.06774133443832397,0.08534316338887811
unlabeled,Metro1_amr.amr,52,0.07408508658409119,0.11466403305530548,3.793928401421928,0.14274328251761872,636.849772910194,0.030900543555617332,0.00888727605342865,0.07719695568084717,0.14267192801002385
unlabeled,Metro1_amr.amr,53,0.07998715341091156,0.13048823177814484,4.251022091135306,0.137190813960413,641.064326262188,0.031922172755002975,0.010731506161391735,0.10223820805549622,0.145180932310424
unlabeled,Metro1_amr.amr,54,0.09497003257274628,0.18557873368263245,5.818832395170979,0.1493924099865501,703.4447000308685,0.04216867312788963,0.01993587426841259,0.19132667779922485,0.24744150602630535
unlabeled,Metro1_amr.amr,55,0.13293087482452393,0.20967857539653778,3.9585638852155025,0.11308440381652869,541.033262399858,0.025767231360077858,0.008978105150163174,0.16014397144317627,0.09983379942349876
unlabeled,Metro1_amr.amr,56,0.12036596983671188,0.1992715299129486,4.378830710198919,0.1096130865605247,526.4266171068384,0.025500498712062836,0.008042258210480213,0.15168705582618713,0.08206821199408057
unlabeled,Metro1_amr.amr,57,0.12256837636232376,0.201655313372612,4.324624727201602,0.11332309570435241,525.6954096237781,0.024770760908722878,0.008272220380604267,0.1633581817150116,0.059692984649369736
unlabeled,Metro1_amr.amr,58,0.12195158749818802,0.19142453372478485,3.9162027936899864,0.1415537163765112,645.5169455480549,0.03063381277024746,0.012698435224592686,0.132747083902359,0.08856193950566649
unlabeled,Metro1_amr.amr,59,0.10012557357549667,0.1941712349653244,5.752797512487151,0.18670498382254724,794.8356415346731,0.034569356590509415,0.013661849312484264,0.19039404392242432,0.12921446958734525
unlabeled,Metro1_amr.amr,60,0.08601190894842148,0.19065937399864197,6.9139915193071335,0.19220750542010362,867.9293681207627,0.045746900141239166,0.021555650979280472,0.2233206182718277,0.2845851449545042
unlabeled,Metro1_amr.amr,61,0.09028199315071106,0.1567935049533844,4.794538596098479,0.18282468000149033,807.4331677641524,0.04310474544763565,0.014860118739306927,0.12433319538831711,0.23209061913461312
unlabeled,Metro1_amr.amr,62,0.08661431819200516,0.12513437867164612,3.195739006713822,0.17246226889597252,759.6846397403966,0.03725176677107811,0.011482249945402145,0.07589473575353622,0.1638147792083736
unlabeled,Metro1_amr.amr,63,0.07661265879869461,0.12861637771129608,4.499914787773832,0.16604639091384993,707.7738595856297,0.029305189847946167,0.008151452988386154,0.09712913632392883,0.09719264594014577
unlabeled,Metro1_amr.amr,64,0.06562172621488571,0.10601354390382767,4.166274037717111,0.18382155488820387,778.1632092945176,0.028947873041033745,0.011090278625488281,0.07850086688995361,0.05143481111066087
unlabeled,Metro1_amr.amr,65,0.08839423954486847,0.1517365425825119,4.693324400293389,0.2141346059453351,896.8816602089144,0.041393645107746124,0.016307702288031578,0.12011490017175674,0.15291102522775277
unlabeled,Metro1_amr.amr+Metro2_amr.amr,66,0.08628088980913162,0.1375838816165924,4.053058848534573,0.22091383660997643,960.9926159868738,0.05225412920117378,0.014652575366199017,0.09866516292095184,0.25267982970715946
unlabeled,Metro2_amr.amr,67,0.06506826728582382,0.1778251826763153,8.732480422086804,0.17202412009154566,773.4430151998235,0.04308461770415306,0.018648235127329826,0.25091108679771423,0.2538870622304034
unlabeled,Metro2_amr.amr,68,0.08396629244089127,0.11336672306060791,2.6076123184641906,0.15127935503879353,745.6207535956586,0.04666787385940552,0.009946288540959358,0.055905237793922424,0.40634905081256845
unlabeled,Metro2_amr.amr,69,0.08492106944322586,0.11154117435216904,2.368395154563288,0.1556959254733226,759.5450594282217,0.04506245627999306,0.011638862080872059,0.05440182238817215,0.341524300182841
unlabeled,Metro2_amr.amr,70,0.11552045494318008,0.16048559546470642,2.8555433461284925,0.12161200560071074,621.2748702162896,0.036577384918928146,0.009823018684983253,0.0861351266503334,0.2903191910633462
unlabeled,Metro2_amr.amr,71,0.10796055197715759,0.1649092435836792,3.679598063290022,0.13004335829168293,610.4556783850541,0.033834587782621384,0.010046742856502533,0.1156163290143013,0.19838167151731215
unlabeled,Metro2_amr.amr,72,0.12240371108055115,0.18431681394577026,3.5554073894992086,0.11522102118812787,569.7724218678096,0.03207818791270256,0.007723947521299124,0.11802616715431213,0.16191219712566565
unlabeled,Metro2_amr.amr,73,0.10663899034261703,0.15075580775737762,3.0071605473103915,0.10700847568137008,567.2887669795487,0.03399563208222389,0.008451122790575027,0.09057990461587906,0.18492638029288158
unlabeled,Metro2_amr.amr,74,0.0788111463189125,0.11762772500514984,3.478441059279797,0.14324144049473,675.2068631487631,0.03724673390388489,0.011040234938263893,0.07317950576543808,0.16766977088563517
unlabeled,Metro2_amr.amr,75,0.06257415562868118,0.09155157208442688,3.3054161604188326,0.15165880852009928,676.899352857033,0.033104848116636276,0.00854598730802536,0.05679801478981972,0.17037479592799115
unlabeled,Metro2_amr.amr,76,0.062481239438056946,0.09467718005180359,3.6099135553403237,0.15009327384247634,669.2693189394485,0.032651908695697784,0.008529238402843475,0.05976153910160065,0.15299019152760016
unlabeled,Metro2_amr.amr,77,0.06474855542182922,0.10270392149686813,4.0071388527261815,0.15182548934112153,678.2825386346639,0.03359302133321762,0.008146717213094234,0.08263490349054337,0.16743026840035585
unlabeled,Metro2_amr.amr,78,0.06808039546012878,0.10887366533279419,4.0780154814666885,0.14172443617817648,639.0307425969366,0.03266197443008423,0.007953695021569729,0.08402031660079956,0.17189007209478901
unlabeled,Metro2_amr.amr,79,0.12042279541492462,0.18093331158161163,3.5361965504892123,0.0893294310706852,498.2594579251049,0.03266700729727745,0.007292632944881916,0.11612796038389206,0.24531194772865794
unlabeled,Metro2_amr.amr,80,0.11423737555742264,0.17600524425506592,3.754347817505966,0.09858295873015886,578.9908266370477,0.036481764167547226,0.010895035229623318,0.12238781154155731,0.27785863548558093
unlabeled,Metro2_amr.amr,81,0.11176624149084091,0.1774873584508896,4.017135582101069,0.0907933234023116,549.1945778505726,0.03603889420628548,0.012485583312809467,0.13080844283103943,0.2640862158466883
unlabeled,Metro2_amr.amr,82,0.08148331940174103,0.14634206891059875,5.086009554296193,0.16198841212866888,810.7029583365833,0.0506889745593071,0.026350829750299454,0.1295948475599289,0.2511883391126342
unlabeled,Metro2_amr.amr,83,0.0713527649641037,0.11436780542135239,4.097859608392998,0.18331959593133756,929.2361568268165,0.05119223892688751,0.023362791165709496,0.08380545675754547,0.23799266519202045
unlabeled,Metro2_amr.amr,84,0.09480288624763489,0.20685258507728577,6.77678785931763,0.13959757469289527,642.865303718665,0.03414661064743996,0.017122816294431686,0.2411094754934311,0.17594818395431158
unlabeled,Metro2_amr.amr,85,0.06848011165857315,0.19223637878894806,8.965422334773406,0.15758237958605484,693.1308889078357,0.036884382367134094,0.014958995394408703,0.2648325562477112,0.20202046859287145
unlabeled,Metro2_amr.amr,86,0.07647470384836197,0.16131699085235596,6.483246162156191,0.1648313317193615,799.9248437527712,0.03996940329670906,0.01898067258298397,0.1918427050113678,0.18989139245270287
unlabeled,Metro2_amr.amr,87,0.08421579748392105,0.15345706045627594,5.211866180480729,0.1295365075259425,647.092512573569,0.037689607590436935,0.014769426546990871,0.1364886313676834,0.2765652277759103
unlabeled,Metro2_amr.amr,88,0.0704478994011879,0.10758186131715775,3.6774201150747565,0.15151272059548046,786.1900745117271,0.042244166135787964,0.020146016031503677,0.07018918544054031,0.19732965825781437
unlabeled,Metro2_amr.amr,89,0.07056345045566559,0.10960086435079575,3.8246833979045016,0.16061210348226188,798.0350741527653,0.04267193749547005,0.017846325412392616,0.07758602499961853,0.19431160806688091
unlabeled,Metro2_amr.amr,90,0.06979667395353317,0.10875009745359421,3.8518985412704176,0.17326914269863838,896.3369949714246,0.047865647822618484,0.027005963027477264,0.07700267434120178,0.14026819181524325
unlabeled,Metro2_amr.amr,91,0.06833777576684952,0.10103614628314972,3.3963186676091994,0.1960921201745524,964.9825260309777,0.05325562506914139,0.02860739454627037,0.06146058440208435,0.17668634783214565
unlabeled,Metro2_amr.amr,92,0.07002135366201401,0.10486523061990738,3.5080202746620377,0.2376682346305991,1024.1584559793903,0.052566152065992355,0.01672252081334591,0.07010852545499802,0.21129383208761593
unlabeled,Metro2_amr.amr,93,0.06775330007076263,0.11101489514112473,4.289015989831265,0.22262680652780742,964.7596382634684,0.05072923004627228,0.02018401399254799,0.08546510338783264,0.26104300875798203
unlabeled,Metro2_amr.amr,94,0.07058700919151306,0.10269101709127426,3.256153482092217,0.2026130349974174,857.1724873934908,0.03923463448882103,0.011671757325530052,0.06560895591974258,0.16826744554154635
unlabeled,Metro2_amr.amr,95,0.06599520891904831,0.09488464891910553,3.1536709354995947,0.20579979946292515,898.8089926067929,0.04454408958554268,0.016447478905320168,0.0573674812912941,0.20189309606680345
unlabeled,Metro2_amr.amr,96,0.0642353743314743,0.09339343011379242,3.250841334997382,0.16146626120721444,746.4167142524107,0.03741281107068062,0.010464229620993137,0.05794176086783409,0.17227114900803955
unlabeled,Metro2_amr.amr,97,0.05796968191862106,0.08580325543880463,3.4060569596156336,0.15928686244409768,714.7359201252455,0.03441334143280983,0.011164355091750622,0.054289788007736206,0.13682024659891576
unlabeled,Metro2_amr.amr,98,0.06261654943227768,0.08802645653486252,2.958481762229108,0.15831301832310965,703.5083456721509,0.034639809280633926,0.009256488643586636,0.05017058551311493,0.168345957992678
unlabeled,Metro2_amr.amr,99,0.0637492686510086,0.09092413634061813,3.0840795505610084,0.14903884442101148,665.6537768502681,0.033170271664857864,0.008378474973142147,0.05061648041009903,0.16733253127189876
unlabeled,Metro2_amr.amr,100,0.06984764337539673,0.1307540088891983,5.446065100175726,0.1504722135728685,675.3259188272208,0.03365844115614891,0.014048903249204159,0.1450001746416092,0.14619933372157207
unlabeled,Metro2_amr.amr,101,0.06423717737197876,0.17232850193977356,8.571413255708958,0.1570869118851664,710.9144109503717,0.03734235092997551,0.016273094341158867,0.31826090812683105,0.18132417199305562
unlabeled,Metro2_amr.amr,102,0.07819380611181259,0.13320045173168182,4.626666887483005,0.14784896785263715,692.3720787531248,0.03885215148329735,0.011896481737494469,0.11512202024459839,0.27637219014844405
unlabeled,Metro2_amr.amr,103,0.07252689450979233,0.10445967316627502,3.168991609218535,0.1549455212711469,693.1251212142155,0.03606405481696129,0.009576180949807167,0.0645245760679245,0.23648536444007986
unlabeled,Metro2_amr.amr,104,0.08798442035913467,0.12308145314455032,2.9157367530491864,0.12054320237979382,651.6935456113779,0.04497186839580536,0.01089590322226286,0.07044267654418945,0.44319842346511984
unlabeled,Metro2_amr.amr,105,0.09144975990056992,0.1328752189874649,3.245228470961741,0.12337224126250715,647.3025831357179,0.043074555695056915,0.010467986576259136,0.08080738037824631,0.39338042609838414
unlabeled,Metro2_amr.amr,106,0.0866881012916565,0.12137998640537262,2.9237518712108965,0.129583408510736,674.3468371188391,0.04069410264492035,0.014174038544297218,0.072491355240345,0.3254268434423975
unlabeled,Metro2_amr.amr+Metro3_amr.amr,107,0.07023056596517563,0.1222938820719719,4.817571256805172,0.17092637451833256,844.0638047300457,0.04929995909333229,0.027532296255230904,0.11073765158653259,0.28193686478969
unlabeled,Metro3_amr.amr,108,0.05253658443689346,0.07550769299268723,3.1505873307503744,0.18936596832106942,825.2440790948025,0.04131815582513809,0.012489184737205505,0.04681794345378876,0.2477614867393848
unlabeled,Metro3_amr.amr,109,0.05591941624879837,0.08612990379333496,3.751826654869264,0.17764310845113773,790.0698871050132,0.04244547337293625,0.0113814203068614,0.06172683462500572,0.271968791101467
unlabeled,Metro3_amr.amr,110,0.056832194328308105,0.08772224187850952,3.77030594373504,0.1702556953022108,765.3292259554547,0.03817777335643768,0.011978095397353172,0.06239037215709686,0.21508678642572973
unlabeled,Metro3_amr.amr,111,0.05547302961349487,0.09625069797039032,4.786440040508987,0.18205599749416412,850.392490889421,0.04850982874631882,0.036379288882017136,0.08943097293376923,0.23608333966686407
unlabeled,Metro3_amr.amr,112,0.05384577065706253,0.08167371153831482,3.618613890428588,0.20124801091896968,883.5560251794631,0.048504795879125595,0.02290811762213707,0.05187240615487099,0.29709172164369896
unlabeled,Metro3_amr.amr,113,0.055677350610494614,0.08474685251712799,3.6489003192493836,0.1748699160780833,769.264197023272,0.03947116807103157,0.011060885153710842,0.059910815209150314,0.27310724709962486
unlabeled,Metro3_amr.amr,114,0.06433624774217606,0.09563335031270981,3.4430728459131803,0.19150884886761638,922.9344147911245,0.0537136048078537,0.022907117381691933,0.06886310130357742,0.30903382952038305
unlabeled,Metro3_amr.amr,115,0.06504517048597336,0.09707189351320267,3.4775688926839257,0.18517448994928642,879.2887521077924,0.04928988963365555,0.02196388877928257,0.06356550008058548,0.35309285012399005
unlabeled,Metro3_amr.amr,116,0.06567228585481644,0.1720741093158722,8.36666793613174,0.17316363932923523,742.1493617747024,0.04126279801130295,0.014446311630308628,0.22568653523921967,0.323681921499352
unlabeled,Metro3_amr.amr,117,0.07420147210359573,0.1580781638622284,6.569187220281714,0.1697150043560251,773.7112133162848,0.04321043938398361,0.018559489399194717,0.1930752843618393,0.3534633563656175
unlabeled,Metro3_amr.amr,118,0.0675845667719841,0.09614543616771698,3.0616227907702633,0.1570027627553451,747.7186016182782,0.042782656848430634,0.010012812912464142,0.056703370064496994,0.3734379080952632
unlabeled,Metro3_amr.amr,119,0.06781399250030518,0.12238673865795135,5.128300954748626,0.16825838489667522,764.1820207822266,0.03991404175758362,0.011849606409668922,0.11229577660560608,0.32612746015336247
unlabeled,Metro3_amr.amr,120,0.11776753515005112,0.17370785772800446,3.3758775751978054,0.10478583258120201,532.3355571031739,0.031564854085445404,0.007974741980433464,0.11132203042507172,0.21612301993849092
unlabeled,Metro3_amr.amr,121,0.05740083381533623,0.09022703021764755,3.9283692326327904,0.19534566490284755,815.602896685388,0.03878169134259224,0.012798315845429897,0.0658431351184845,0.17852096570359763
unlabeled,Metro3_amr.amr,122,0.04796338826417923,0.09162645787000656,5.622220841704721,0.2174133409889912,908.5638626480523,0.042359914630651474,0.01644855923950672,0.0905122458934784,0.15053285848573397
unlabeled,Metro3_amr.amr,123,0.045298364013433456,0.07454109936952591,4.326265517551062,0.21881104277449412,919.731350427417,0.038630712777376175,0.014667666517198086,0.06314342468976974,0.11219430913652326
unlabeled,Metro3_amr.amr,124,0.05820963904261589,0.08028808981180191,2.7931243800450445,0.23778984366418512,1048.4240078446196,0.056889209896326065,0.024147838354110718,0.04367600008845329,0.24020116317633053
unlabeled,Metro3_amr.amr,125,0.05627401918172836,0.08400104194879532,3.479534771011554,0.23573505986594323,1012.5348359045558,0.047885775566101074,0.018653132021427155,0.05688183754682541,0.1955873386632944
unlabeled,Metro3_amr.amr,126,0.054525088518857956,0.0875452309846878,4.112722266385746,0.24269339282423716,1076.1439663011508,0.055379416793584824,0.026198789477348328,0.06581473350524902,0.228300266549257
unlabeled,Metro3_amr.amr,127,0.03774171322584152,0.054236993193626404,3.149479884768389,0.21266338347671926,913.1177706792773,0.0395466610789299,0.01400649081915617,0.03482973203063011,0.15742750390864352
unlabeled,Metro3_amr.amr,128,0.03923724591732025,0.056793615221977234,3.2120199600146613,0.21519869165328545,909.3214396016512,0.04199253395199776,0.0141357546672225,0.03401016443967819,0.1958794332357496
unlabeled,Metro3_amr.amr,129,0.04563165828585625,0.06556219607591629,3.1477448078297727,0.19435603012313926,857.8884064722226,0.04386971518397331,0.012393934652209282,0.03849956393241882,0.22826523847724325
unlabeled,Metro3_amr.amr,130,0.05277065932750702,0.07404793798923492,2.9424089725497975,0.18362110722191424,819.2305555477351,0.04354259371757507,0.012165929190814495,0.04248427599668503,0.3019118491898497
unlabeled,Metro3_amr.amr,131,0.057288870215415955,0.14925311505794525,8.317062917907897,0.19413608595113416,867.0781231343032,0.04449376463890076,0.02152652107179165,0.18531179428100586,0.23539070736261022
unlabeled,Metro3_amr.amr,132,0.06207912787795067,0.12636986374855042,6.17395819594331,0.16306673855748635,719.7040356969005,0.03398556634783745,0.011327403597533703,0.11981281638145447,0.1613315665835448
unlabeled,Metro3_amr.amr,133,0.09944070130586624,0.15779775381088257,4.010732764733981,0.1253020982392374,585.9320042733577,0.031595051288604736,0.0068782479502260685,0.11477944254875183,0.20431750767568926
unlabeled,Metro3_amr.amr,134,0.058812450617551804,0.11791183054447174,6.041762104478652,0.19116701065121589,759.9670376379044,0.03726686164736748,0.012409202754497528,0.11071734130382538,0.1931128336185451
unlabeled,Metro3_amr.amr,135,0.0514010488986969,0.09048692882061005,4.912277330302101,0.21012802650934065,883.0858124294302,0.0459129773080349,0.018093248829245567,0.07694898545742035,0.25543040820651247
unlabeled,Metro3_amr.amr,136,0.055435359477996826,0.07675808668136597,2.8267454475721703,0.18140841660855817,798.3253547263239,0.03810731694102287,0.011938081122934818,0.04332228749990463,0.2209567966981722
unlabeled,Metro3_amr.amr,137,0.10053516924381256,0.19076606631278992,5.563662217339205,0.12874834220383066,562.89932390941,0.029441071674227715,0.007381767500191927,0.16644424200057983,0.14887065420507903
unlabeled,Metro3_amr.amr,138,0.12277067452669144,0.1875748336315155,3.681598557096381,0.08690146070004247,485.40757980215216,0.031071655452251434,0.006382121704518795,0.1264718472957611,0.26197469154922154
unlabeled,Metro3_amr.amr,139,0.0777873694896698,0.1350368857383728,4.790866559761136,0.1324705528035624,592.5591325989385,0.03089551068842411,0.007726992014795542,0.10498328506946564,0.16110531708658363
unlabeled,Metro3_amr.amr,140,0.05888553708791733,0.08243401348590851,2.9219560839651013,0.16985246292544512,724.3715622993612,0.03325583413243294,0.009263877756893635,0.04397779703140259,0.18054078914480645
unlabeled,Metro3_amr.amr,141,0.060320597141981125,0.09063758701086044,3.5368540528622647,0.16378910160855298,709.3030064901758,0.0328381173312664,0.009366670623421669,0.05963599681854248,0.1796267365418234
unlabeled,Metro3_amr.amr,142,0.06492523849010468,0.08719761669635773,2.5618212219177563,0.16218475027076446,739.9446801148406,0.03952652961015701,0.010229261592030525,0.044354505836963654,0.2807329258999054
unlabeled,Metro3_amr.amr,143,0.07755543291568756,0.11768554151058197,3.6222176679590734,0.15298961494927918,717.1756618214944,0.04029149189591408,0.010736535303294659,0.08381728827953339,0.32793285833768643
unlabeled,Metro3_amr.amr,144,0.08191756904125214,0.11403636634349823,2.873326289987708,0.14645085287468154,702.9208503453791,0.041514426469802856,0.01216692104935646,0.06020916998386383,0.344698679802892
unlabeled,Metro3_amr.amr,145,0.08411959558725357,0.1273803859949112,3.604107685809699,0.13359431468533703,691.2286996128003,0.046209901571273804,0.00994457583874464,0.08606458455324173,0.4344564029886805
unlabeled,Metro3_amr.amr,146,0.08152120560407639,0.1177935004234314,3.197014676241734,0.139347474247003,714.0258221819461,0.04650179669260979,0.011704371310770512,0.07132748514413834,0.45135451830972784
unlabeled,Metro3_amr.amr,147,0.09908673912286758,0.1362057477235794,2.7635979650753946,0.13969363288351078,714.0546851552806,0.046139441430568695,0.01276292186230421,0.07503160834312439,0.376625576259994
unlabeled,Metro3_amr.amr,148,0.0876157209277153,0.1366446316242218,3.860210703784826,0.14036086057960137,703.7369731078945,0.04463467746973038,0.013357095420360565,0.09856537729501724,0.39587494637958376
unlabeled,Metro3_amr.amr,149,0.08516585826873779,0.1754993051290512,6.280197471412601,0.12334913637966663,616.8594587615373,0.03680385649204254,0.009494883008301258,0.1600988656282425,0.3947915810658943
unlabeled,Metro3_amr.amr,150,0.07109767943620682,0.157262921333313,6.8954182517910825,0.1707433980400141,723.376508713688,0.03631065413355827,0.011197342537343502,0.18306642770767212,0.21984848657877248
unlabeled,Metro3_amr.amr,151,0.059772007167339325,0.0835147276520729,2.9053045824210844,0.17635486241216553,777.3120383453195,0.038273394107818604,0.012607795186340809,0.0472295917570591,0.18713053945560873
unlabeled,Metro3_amr.amr,152,0.06215694546699524,0.09076648205518723,3.2887167795760512,0.15770244458159832,719.0191480707193,0.034096285700798035,0.01035497896373272,0.05765300989151001,0.1599173684290354
unlabeled,Metro3_amr.amr,153,0.0740673616528511,0.11638806015253067,3.9256310932079903,0.163851223915671,725.4068448057167,0.03148936852812767,0.010065521113574505,0.0803394466638565,0.12538587528148343
unlabeled,Metro3_amr.amr,154,0.0612650066614151,0.08640280365943909,2.9863069945531566,0.18780558943073772,796.7833997354334,0.031992629170417786,0.01003858633339405,0.049416232854127884,0.12406823906697403
unlabeled,Metro3_amr.amr,155,0.061816759407520294,0.08764027059078217,3.0319495015505953,0.19635131493818994,845.373588471312,0.03448883071541786,0.012409226968884468,0.0499407984316349,0.10461457074113795
unlabeled,Metro3_amr.amr+Metro6_amr.amr,156,0.0782569944858551,0.13274435698986053,4.589858068000533,0.17886642443085998,822.8033731664175,0.04900806024670601,0.016153311356902122,0.10758359730243683,0.34150242932951175
unlabeled,Metro6_amr.amr,157,0.09118082374334335,0.1357073038816452,3.4539942170581686,0.15943837040892078,797.1880230047557,0.05496169999241829,0.012471063993871212,0.08664291352033615,0.4334215827977031
unlabeled,Metro6_amr.amr,158,0.095340795814991,0.14364217221736908,3.560063824955395,0.12398855488798684,729.5617207352217,0.055917903780937195,0.010562224313616753,0.10244093835353851,0.6304116663995522
unlabeled,Metro6_amr.amr,159,0.10757369548082352,0.1749819666147232,4.225744097541131,0.14046619402340182,673.758807200394,0.03916417434811592,0.01855318248271942,0.1341457962989807,0.29674762532840687
unlabeled,Metro6_amr.amr,160,0.09805366396903992,0.14188356697559357,3.2093654290813927,0.16333834819217644,750.438761792442,0.04096587002277374,0.012873210944235325,0.09149374812841415,0.30966132836172294
unlabeled,Metro6_amr.amr+Metro7_amr.amr,161,0.05971420556306839,0.09386825561523438,3.928821764157879,0.18683743468619352,780.3234041036648,0.032586488872766495,0.01500274334102869,0.06825987249612808,0.07934692305480041
unlabeled,Metro7_amr.amr,162,0.06038426607847214,0.09026166796684265,3.4915912455620814,0.20384684367410533,865.8690357873542,0.031635310500860214,0.013075631111860275,0.059026435017585754,0.09370473362326327
unlabeled,Metro7_amr.amr,163,0.08068817108869553,0.1169818863272667,3.226174964274715,0.17265670929592272,799.0887400939005,0.04410121589899063,0.013578585349023342,0.06986866891384125,0.2797757344391267
unlabeled,Metro7_amr.amr,164,0.09528100490570068,0.14047764241695404,3.3720176195825284,0.17089096126466174,786.9109123867156,0.04504232481122017,0.013060466386377811,0.09050970524549484,0.31414563445496535
unlabeled,Metro7_amr.amr+Metro9_amr.amr,165,0.08716223388910294,0.15144596993923187,4.798587370089356,0.19356292883562928,939.7816639256667,0.05402059480547905,0.027857258915901184,0.13961410522460938,0.3235555137998699
unlabeled,Metro9_amr.amr,166,0.07829152047634125,0.11764232814311981,3.5369776595408178,0.18985217248541442,849.6039319389091,0.04234984889626503,0.023128390312194824,0.07576185464859009,0.1952073632797128
unlabeled,Metro9_amr.amr,167,0.0916815921664238,0.13648629188537598,3.456137758457861,0.18685466336568488,811.4577715234105,0.03756378963589668,0.01115417294204235,0.08861413598060608,0.16883465890700727
unlabeled,Metro9_amr.amr,168,0.08963003009557724,0.12479205429553986,2.874667832710947,0.18963039310713165,868.5659342819127,0.04303429275751114,0.017434414476156235,0.07199534773826599,0.21022666895819175
unlabeled,Metro9_amr.amr,169,0.06689852476119995,0.09863381087779999,3.372185441059978,0.20035606457701927,848.6636719174469,0.035943273454904556,0.011880285106599331,0.06049598008394241,0.15207042791966688
unlabeled,Metro9_amr.amr,170,0.053536079823970795,0.08320023119449615,3.829559319583744,0.2251179938824482,1005.2964912718361,0.04685407876968384,0.01679738238453865,0.05851966515183449,0.11004510966725237
unlabeled,Metro9_amr.amr,171,0.06463652104139328,0.11987867951393127,5.36527953948111,0.1934727291916645,876.3589252335532,0.048711132258176804,0.02370704710483551,0.09993407875299454,0.11969195048916509
unlabeled,Metro9_amr.amr,172,0.1055624708533287,0.1482100784778595,2.947363802304178,0.16449128418288045,746.2218907561415,0.037432942539453506,0.016329951584339142,0.08320371061563492,0.1472005193118547
unlabeled,Metro9_amr.amr,173,0.08634710311889648,0.13717716932296753,4.020681295764196,0.1790595577781792,787.7186616171232,0.038962870836257935,0.013857897371053696,0.10357435047626495,0.17268453190784064
unlabeled,Metro9_amr.amr+Office1.wav,174,0.01540036965161562,0.04185415431857109,8.684148484545398,0.322130529977194,1395.2410858423223,0.08472989499568939,0.049695633351802826,0.060459479689598083,0.3128071054959536
unlabeled,Office1.wav,175,0.008657973259687424,0.017965393140912056,6.340409653227547,0.41313597916899386,1669.5000414694703,0.09215307980775833,0.05334218963980675,0.019846592098474503,0.16825292556257998
unlabeled,Office1.wav,176,0.007571342401206493,0.02052990533411503,8.664281126105795,0.4425605855497257,1803.8681734247189,0.10392949730157852,0.04311620444059372,0.024191904813051224,0.0951173510444739
unlabeled,Office1.wav,177,0.008707704022526741,0.01661502569913864,5.611947123250155,0.484839715364816,2225.1280944871455,0.1826302707195282,0.08218496292829514,0.015926338732242584,0.11902545940674543
unlabeled,Office1.wav,178,0.009577793069183826,0.01750713773071766,5.238993931849699,0.40314064722254017,1808.2077559443956,0.11979246139526367,0.08433927595615387,0.016417304053902626,0.19502338127285868
unlabeled,Office1.wav,179,0.012388043105602264,0.02617892622947693,6.4989823917247405,0.4277268253762985,1762.7969504489042,0.10848909616470337,0.05789214000105858,0.028538502752780914,0.25705250143000336
unlabeled,Office1.wav,180,0.008447826839983463,0.017819134518504143,6.482832007648605,0.4631112670034179,1891.2443405723866,0.11849905550479889,0.06227487325668335,0.019923580810427666,0.15209745214635526
unlabeled,Office1.wav,181,0.007908577099442482,0.024228909984230995,9.724710397824968,0.4740642181143384,1894.4921116096161,0.11777938902378082,0.060141462832689285,0.033437490463256836,0.14122592425258929
unlabeled,Office1.wav,182,0.007777112070471048,0.01406414806842804,5.145901404633204,0.4297357241339082,1853.2469326510354,0.12031082063913345,0.04932655394077301,0.011762971989810467,0.20814229947433147
unlabeled,Office1.wav,183,0.0080091692507267,0.01522437296807766,5.579038818041868,0.4367602347176071,1807.99048704298,0.10306892544031143,0.050501637160778046,0.014410518109798431,0.12745634449687082
unlabeled,Office1.wav,184,0.01833108440041542,0.0529550276696682,9.214380814829916,0.37235294273791025,1373.0633882015559,0.07332587987184525,0.05388712137937546,0.05674034729599953,0.14275487891948868
unlabeled,Office1.wav,185,0.013077139854431152,0.023228943347930908,4.990333699892488,0.39784756867286636,1751.8079441726532,0.10865013301372528,0.054471973329782486,0.01956046000123024,0.3040002771770032
unlabeled,Office1.wav,186,0.015575778670608997,0.03063836134970188,5.876315305471477,0.43637758523207815,1814.8482103004853,0.11911304295063019,0.04714897274971008,0.030048701912164688,0.3150354525493115
unlabeled,Office1.wav,187,0.015219793654978275,0.026898842304944992,4.946496463654752,0.4355335692195047,1749.5488405133126,0.11187105625867844,0.06699886173009872,0.0238189697265625,0.23430504422627388
unlabeled,Office1.wav,188,0.009047465398907661,0.01631743460893631,5.122498959131436,0.3992123427493419,1740.9847677496682,0.09763868153095245,0.05271109938621521,0.014857176691293716,0.15363880063518234
unlabeled,Office1.wav,189,0.010708671994507313,0.030407574027776718,9.064923074187877,0.47646787916819594,2044.7073811806554,0.14425118267536163,0.07677766680717468,0.03668850660324097,0.2298987999615817
unlabeled,Office1.wav,190,0.007687337230890989,0.015510101802647114,6.096774244987827,0.46397986615179443,1916.4767286435888,0.1167728528380394,0.05250540375709534,0.014038082212209702,0.20157864838632997
unlabeled,Office1.wav,195,0.008418126031756401,0.01626112312078476,5.71870224203561,0.3646243924113642,1478.4025233067107,0.07133799046278,0.044684913009405136,0.01508261077105999,0.19207798276300492
unlabeled,Office1.wav,196,0.009113859385251999,0.015209038741886616,4.447988811004567,0.44560245542126065,2000.5455706053065,0.11648096889257431,0.07086192816495895,0.012623483315110207,0.18614625143658806
unlabeled,Office1.wav,198,0.010403723455965519,0.020203057676553726,5.764566041459388,0.39915337831730346,1650.1913090450141,0.089007668197155,0.03945918753743172,0.021703070029616356,0.21582708378142149
unlabeled,Office1.wav,199,0.009222926571965218,0.019068298861384392,6.30886393268425,0.42198715683847776,1734.9084723670323,0.10411068052053452,0.05885302275419235,0.017959095537662506,0.1833696716794616
unlabeled,Office1.wav,200,0.01000537071377039,0.016765106469392776,4.483462591096498,0.40945319810142977,1703.4182705273117,0.09743737429380417,0.05049829185009003,0.013539034873247147,0.20242408724208832
unlabeled,Office1.wav,201,0.009371672756969929,0.016491994261741638,4.909121153230373,0.43238663175478326,1731.966863964531,0.10141819715499878,0.04727504402399063,0.01421916950494051,0.26042401882338834
unlabeled,Office1.wav,202,0.009705690667033195,0.01979762315750122,6.191732107265302,0.3660583108719397,1595.1852320997182,0.08886674046516418,0.0647369846701622,0.01929500699043274,0.19923965915949446
unlabeled,Office1.wav,203,0.008402076549828053,0.022132206708192825,8.412761610702058,0.4631753285098904,1896.38398843459,0.1155700534582138,0.06456589698791504,0.02324601821601391,0.18444624428116324
unlabeled,Office1.wav,204,0.012558863498270512,0.024232152849435806,5.708833158706371,0.4868567001541253,2089.623876962589,0.13688337802886963,0.05979323014616966,0.022168057039380074,0.1963927017858788
unlabeled,Office1.wav,205,0.011384948156774044,0.024920055642724037,6.80435896611518,0.37397221268292363,1673.4115389836384,0.10355708748102188,0.060360778123140335,0.02594405971467495,0.16712356011697155
unlabeled,Office1.wav,206,0.011750682257115841,0.02327512390911579,5.936578338623492,0.40742265600710853,1825.6474779085027,0.11544927209615707,0.08163826912641525,0.022064995020627975,0.2041233796496358
unlabeled,Office1.wav,207,0.011065201833844185,0.022857915610074997,6.301545658495109,0.4746524800185329,1955.9730072322095,0.13032078742980957,0.07343453168869019,0.022943714633584023,0.23888853098270282
unlabeled,Office1.wav,208,0.00787564180791378,0.013385152444243431,4.6067472743702,0.38511373833249457,1632.0381277039414,0.08236454427242279,0.050228215754032135,0.010525507852435112,0.1872983429800077
unlabeled,Office1.wav,210,0.010929662734270096,0.025327548384666443,7.2997278131544725,0.43023057417383387,1964.9875752162318,0.13076868653297424,0.07240930199623108,0.03009340912103653,0.24233853009306414
unlabeled,Office1.wav+Office2.wav,211,0.014540757983922958,0.05066531524062157,10.842474018824928,0.42974643472231616,2039.4417300897148,0.14714497327804565,0.08569100499153137,0.06519757211208344,0.31428218188686946
unlabeled,Office2.wav,212,0.024561069905757904,0.05914327874779701,7.633162295331514,0.36191438297154516,1571.4392965632449,0.09199706465005875,0.05420359969139099,0.06856051832437515,0.344663010519401
unlabeled,Office2.wav,213,0.03114986978471279,0.061793867498636246,5.949782821575101,0.30173630666493884,1408.495218533051,0.08771426230669022,0.04446776583790779,0.05539502203464508,0.33210391860073707
unlabeled,Office2.wav,214,0.018397802487015724,0.043231695890426636,7.420726377828712,0.400899885707966,1694.0754607609417,0.10306388139724731,0.06839515268802643,0.0449540801346302,0.25944844983755266
unlabeled,Office2.wav,215,0.017656996846199036,0.04178933799266815,7.482973008845233,0.36120091084532446,1598.9051964486973,0.0970347598195076,0.06649637967348099,0.050751496106386185,0.23299545050338102
unlabeled,Office2.wav,216,0.021498071029782295,0.041067514568567276,5.621978509018075,0.3317176330250301,1546.9106748786357,0.09559038281440735,0.0495215505361557,0.04051303118467331,0.36010906958137434
unlabeled,Office2.wav,217,0.022181153297424316,0.04106681048870087,5.350136997210812,0.33935632416140027,1500.636674732377,0.0861642062664032,0.04499313235282898,0.03988048434257507,0.44174262185059265
unlabeled,Office2.wav,218,0.02090524323284626,0.043524958193302155,6.369662732422652,0.3423146365421256,1647.7352218770304,0.10457871854305267,0.06307025253772736,0.04875188320875168,0.39577019280418946
unlabeled,Office2.wav,219,0.026379574090242386,0.048476338386535645,5.285240564783455,0.34209943631623957,1593.5896193456376,0.10302361845970154,0.07611939311027527,0.04375065118074417,0.4319453997698302
unlabeled,Office2.wav,220,0.023912250995635986,0.04272652789950371,5.0415428118017775,0.3604066041616932,1655.3803463395527,0.10451832413673401,0.0502190887928009,0.03568270057439804,0.524630728881241
unlabeled,Office2.wav,221,0.021084396168589592,0.03951920196413994,5.456939944000369,0.37963153728233756,1632.4031785861573,0.09135790914297104,0.052347224205732346,0.03928208351135254,0.3110221062462076
unlabeled,Office2.wav,222,0.020432153716683388,0.04059602692723274,5.963387671968561,0.35298560178181615,1552.9441482631514,0.09970206767320633,0.05654071271419525,0.040309302508831024,0.3666297202174668
unlabeled,Office2.wav,223,0.026467466726899147,0.059898894280195236,7.094128575695895,0.3714920842801495,1681.0938170934364,0.10168996453285217,0.05541551485657692,0.06572147458791733,0.32321522376923617
unlabeled,Office2.wav,224,0.021888846531510353,0.045624084770679474,6.379425763221384,0.36199910199024754,1598.804717795418,0.09538403898477554,0.05692313611507416,0.04427006095647812,0.3529104526066747
unlabeled,Office2.wav,225,0.02765589766204357,0.05985347554087639,6.706032270918483,0.36267928355891826,1559.7234673438127,0.09656168520450592,0.06107578054070473,0.06542932242155075,0.35599991891079474
unlabeled,Office2.wav,226,0.029613839462399483,0.05227960646152496,4.93675182741305,0.3577089063666884,1756.6806945160927,0.1125655546784401,0.07929495722055435,0.04576009884476662,0.33773946137171906
unlabeled,Office2.wav,227,0.029314953833818436,0.050659775733947754,4.751480953482849,0.3817030716569185,1767.1250617659928,0.11900736391544342,0.09860403090715408,0.04373814910650253,0.4046684143257793
unlabeled,Office2.wav,228,0.021991370245814323,0.04340847581624985,5.906444911154423,0.30618858423530876,1480.5409095663897,0.0896216407418251,0.04522937163710594,0.03905484825372696,0.3910843739107006
unlabeled,Office2.wav,229,0.021818112581968307,0.047260869294404984,6.713690522310104,0.3136993442061679,1452.9685954645363,0.09129751473665237,0.03840159252285957,0.043616242706775665,0.38834331251825516
unlabeled,Office2.wav,230,0.020258599892258644,0.04036421328783035,5.987741281753403,0.36210126270228227,1563.810915150828,0.09135288745164871,0.04660641402006149,0.03765564411878586,0.3705932087990148
unlabeled,Office2.wav,231,0.02728806436061859,0.05660130828619003,6.337074761570233,0.25630882643999464,1215.5648196099748,0.06896759569644928,0.025761594995856285,0.05241797864437103,0.4045031623924683
unlabeled,Office2.wav,232,0.0264575257897377,0.048828527331352234,5.3224879454797165,0.3252868374987089,1383.217959299136,0.08340127021074295,0.04235052689909935,0.043618787080049515,0.3800072586711556
unlabeled,Office2.wav,233,0.0240737684071064,0.0426388643682003,4.965231005347038,0.3074747227342024,1339.0763549060973,0.07921409606933594,0.036310359835624695,0.03426698222756386,0.40870046455811704
unlabeled,Office2.wav,234,0.019938895478844643,0.03670472279191017,5.30041701399039,0.39525425674116577,1808.9128461112534,0.12713511288166046,0.07131779938936234,0.030790653079748154,0.30674147385595046
unlabeled,Office2.wav,235,0.029178159311413765,0.057618364691734314,5.910060723483511,0.32442011566992285,1528.7816259415924,0.09384404867887497,0.04323553293943405,0.05677071586251259,0.3838107630828099
unlabeled,Office2.wav,236,0.024417810142040253,0.049230221658945084,6.090501553741726,0.38094741770830254,1660.8345758693606,0.11050216108560562,0.05793885514140129,0.050998538732528687,0.3222819579709366
unlabeled,Office2.wav,237,0.023171259090304375,0.049389421939849854,6.57368617675335,0.2921904953812055,1384.738043754401,0.0789322704076767,0.03708840534090996,0.0518425777554512,0.4070067591003905
unlabeled,Office2.wav,238,0.042982496321201324,0.07668540626764297,5.028421752406623,0.3181281427178082,1504.960995246878,0.0945335254073143,0.03833695128560066,0.06635424494743347,0.44066999539225776
unlabeled,Office2.wav,239,0.02969367988407612,0.05482865497469902,5.3268713843522475,0.3238348499050621,1540.7800630817471,0.10140814632177353,0.04575295001268387,0.04856918007135391,0.4267058665916721
unlabeled,Office2.wav,240,0.014627842232584953,0.031932950019836426,6.781175439964487,0.379967109248713,1560.3036885754575,0.08630511909723282,0.038397740572690964,0.03096231445670128,0.28387432566314086
unlabeled,Office2.wav,241,0.01851114071905613,0.03397984057664871,5.275763072345643,0.33920168173345755,1469.3315020340801,0.07454881817102432,0.03262064978480339,0.029572375118732452,0.23380228850711074
unlabeled,Office2.wav,242,0.019173985347151756,0.043989554047584534,7.212743336670398,0.3609684550401119,1548.3068696790938,0.10215801000595093,0.08643888682126999,0.045598238706588745,0.30226287514968037
unlabeled,Office2.wav,243,0.015457936562597752,0.040229350328445435,8.307829934321102,0.40302347831927876,1845.9548907384424,0.11333052068948746,0.09253133833408356,0.04593241959810257,0.25559233336711584
unlabeled,Office2.wav,244,0.022093484178185463,0.0453580841422081,6.247809821971547,0.3018045193683894,1483.6750946231004,0.09471973031759262,0.08044544607400894,0.0468917042016983,0.3493645211587885
unlabeled,Office2.wav,245,0.023173941299319267,0.043313317000865936,5.432430810678445,0.30528418224569,1461.7552534656165,0.0889170691370964,0.0466817244887352,0.03923812881112099,0.3489368144453925
unlabeled,Office2.wav,246,0.015994304791092873,0.03377079591155052,6.49151854046873,0.4436329142487423,1790.562091001239,0.11292790621519089,0.0730256587266922,0.03157944977283478,0.24770947387279513
unlabeled,Office2.wav,247,0.01363675482571125,0.02860538475215435,6.434735189267316,0.3878742484014097,1860.7630429020962,0.12099022418260574,0.11036242544651031,0.027843913063406944,0.21991017026718762
unlabeled,Office2.wav,248,0.014329766854643822,0.029909024015069008,6.391262307926099,0.3380169118539594,1561.164224543757,0.0888919085264206,0.054432883858680725,0.031789910048246384,0.29496215737587805
unlabeled,Office2.wav,249,0.021424725651741028,0.043217238038778305,6.09483475565947,0.3262658497229154,1476.5579946231285,0.080205537378788,0.0406344048678875,0.04644576832652092,0.2862027050208858
unlabeled,Office2.wav,250,0.02878432720899582,0.055327095091342926,5.675635697102708,0.3220844725105107,1467.252675972488,0.08162474632263184,0.03785514086484909,0.05351357161998749,0.36242969955878995
unlabeled,Office2.wav,251,0.019114788621664047,0.04491788148880005,7.420995277345044,0.40309576362739147,1699.6145357801379,0.11446789652109146,0.059427373111248016,0.04993509501218796,0.3606858600070536
unlabeled,Office2.wav,252,0.018052343279123306,0.040012892335653305,6.913327216837015,0.4464889149739406,1898.1579608940071,0.13322967290878296,0.0701582208275795,0.03951261565089226,0.3069193074436816
unlabeled,Office2.wav,253,0.021979715675115585,0.04687759652733803,6.578865310593964,0.33395263410949794,1449.60157694631,0.09040170907974243,0.03347932547330856,0.05199328809976578,0.4529999714622899
unlabeled,Office2.wav+Office3.wav,254,0.031173057854175568,0.07414582371711731,7.526145758892778,0.36382610120446696,1727.4907340067243,0.11960624903440475,0.07294758409261703,0.08575354516506195,0.47406562805672553
unlabeled,Office3.wav,255,0.026245398446917534,0.07579260319471359,9.21147304417585,0.5068888557088727,2306.9202149837665,0.1854737401008606,0.10973656177520752,0.08801525831222534,0.33356033427101844
unlabeled,Office3.wav,256,0.011956949718296528,0.021906498819589615,5.2590513582293665,0.5571390933487802,2525.2959611018023,0.20699840784072876,0.06597375869750977,0.018403738737106323,0.36348661641148045
unlabeled,Office3.wav,257,0.03237330913543701,0.0669526606798172,6.311614906922535,0.4683609599059485,2003.446853715046,0.13290756940841675,0.0574018768966198,0.06154404953122139,0.45241532658625194
unlabeled,Office3.wav,258,0.03555576130747795,0.11972631514072418,10.545592667570244,0.4695999592559542,2002.5810612783678,0.15334521234035492,0.08349398523569107,0.1314304918050766,0.4914221077139848
unlabeled,Office3.wav,259,0.01667105406522751,0.03796733543276787,7.148941155727785,0.47929260030721604,1993.4916682923767,0.14335034787654877,0.06409977376461029,0.03945567086338997,0.4651790928406766
unlabeled,Office3.wav,260,0.02333623543381691,0.07133809477090836,9.705814151105912,0.4854505342495372,2015.0635012031105,0.14655110239982605,0.06752065569162369,0.0789325162768364,0.3557471343660992
unlabeled,Office3.wav,261,0.03413086757063866,0.07987014204263687,7.384742566718826,0.525476188927468,2584.0120848442543,0.2394590824842453,0.1424379050731659,0.0847431868314743,0.4411656076837521
unlabeled,Office3.wav,262,0.02316686324775219,0.05762947350740433,7.915548315490982,0.5999752207192234,2645.1194813034876,0.23094885051250458,0.12224128097295761,0.059222832322120667,0.3087961933245722
unlabeled,Office3.wav,263,0.031236466020345688,0.05604742467403412,5.07787535722764,0.4733015022949037,2066.2245195015894,0.15731094777584076,0.07525043189525604,0.047468528151512146,0.39857343556744895
unlabeled,Office3.wav,264,0.0337524488568306,0.07024025171995163,6.36561541474705,0.44936977796906064,1966.3558010164481,0.13432173430919647,0.055846791714429855,0.07839183509349823,0.5648867659860898
unlabeled,Office3.wav,265,0.030123885720968246,0.07829651981592178,8.296629327326933,0.540849832599058,2542.770277560835,0.22131632268428802,0.11346675455570221,0.09717957675457001,0.4637571368951117
unlabeled,Office3.wav,266,0.03063763491809368,0.057889096438884735,5.526830670371156,0.6305675346294116,3201.6033488919884,0.33152157068252563,0.12454788386821747,0.056776970624923706,0.3480381693047635
unlabeled,Office3.wav,267,0.02965742163360119,0.06595218181610107,6.941915501021791,0.6698415710767361,3332.2011013093133,0.34962907433509827,0.11392996460199356,0.07070797681808472,0.23762069383183376
unlabeled,Office3.wav,268,0.03011835552752018,0.06949440389871597,7.26237155332373,0.5688662488972362,2837.94353901212,0.2759358286857605,0.1556972712278366,0.08470634371042252,0.4132448255411319
unlabeled,Office3.wav,269,0.02899620309472084,0.057945847511291504,6.013623709714711,0.5846315936728437,2708.8918247989927,0.2369176149368286,0.08941107243299484,0.0570078045129776,0.4382623345788922
unlabeled,Office3.wav,270,0.029593750834465027,0.09459063410758972,10.09296245842342,0.4241536884132035,1878.4631755904484,0.14317922294139862,0.05838179215788841,0.11386193335056305,0.45766573686146494
unlabeled,Office3.wav,271,0.03606143966317177,0.06607229262590408,5.259526302798035,0.4181105210790136,1945.9485944721762,0.13285723328590393,0.053480636328458786,0.0635056421160698,0.5990738527789757
unlabeled,Office3.wav,272,0.034303050488233566,0.06501074880361557,5.553048504200591,0.5526879410357703,2633.7508457118215,0.2141498476266861,0.1206602156162262,0.05623635649681091,0.5011922734219291
unlabeled,Office3.wav,273,0.04301905632019043,0.091637022793293,6.568201820603835,0.49656840187392054,2264.3179220749753,0.17323428392410278,0.09303578734397888,0.09410382807254791,0.53773655488644
unlabeled,Office3.wav,274,0.03004489094018936,0.07821366935968399,8.310240566011082,0.5488845624641531,2348.891420650549,0.17108534276485443,0.07590477168560028,0.0872105211019516,0.4411138101940102
unlabeled,Office3.wav,275,0.03899261727929115,0.07134457677602768,5.247571568886043,0.4798392958410099,2179.540666794201,0.16249962151050568,0.07688527554273605,0.06611575186252594,0.4877208421093867
unlabeled,Office3.wav,276,0.02860177680850029,0.061338990926742554,6.626872261489937,0.5546172606908705,2641.551563383838,0.22732535004615784,0.12269244343042374,0.05765915662050247,0.4721017880322178
unlabeled,Office3.wav,277,0.031184889376163483,0.05767134204506874,5.340316987516934,0.5796190693850999,2605.6994721470346,0.21962033212184906,0.0928555354475975,0.04848815128207207,0.4493982954174383
unlabeled,Office3.wav,278,0.03150733560323715,0.0823851004242897,8.348739913439614,0.5650912814865893,2476.361470999746,0.20274077355861664,0.08995755016803741,0.09603413939476013,0.415457392025437
unlabeled,Office3.wav,279,0.04775938019156456,0.10017157346010208,6.433716261948299,0.38989148597881956,1832.5867734762796,0.14348118007183075,0.0434967502951622,0.10688456892967224,0.5848120968318812
unlabeled,Office3.wav,280,0.06071803718805313,0.10812104493379593,5.011850202884439,0.40557922923644896,1989.0435227684793,0.16358163952827454,0.05085550993680954,0.09532441198825836,0.5544705905877397
unlabeled,Office3.wav,281,0.03865436464548111,0.08056864887475967,6.379350816257885,0.43587346474732025,1884.0830596739108,0.14107054471969604,0.061600539833307266,0.07923134416341782,0.47196048740607616
unlabeled,Office3.wav,282,0.01725802943110466,0.03563519939780235,6.297759733370334,0.44082337260617194,2040.6308110421528,0.15105032920837402,0.05868972837924957,0.03423656150698662,0.49040741283044875
unlabeled,Office3.wav,283,0.025044897571206093,0.0518496036529541,6.320523603459771,0.4877484651941103,2264.1479748732518,0.18166902661323547,0.09159980714321136,0.05778590962290764,0.44710193126923914
unlabeled,Office3.wav,284,0.026140175759792328,0.05710219219326973,6.7868855439395235,0.4825769102740815,2262.592314084625,0.2079898566007614,0.1295376569032669,0.060202471911907196,0.43704941919894696
unlabeled,Office3.wav,285,0.027601536363363266,0.05520450696349144,6.020825563613915,0.49945839663606617,2197.290110868712,0.1738533079624176,0.07680828869342804,0.05958203971385956,0.4933709920826865
unlabeled,Office3.wav,286,0.06102399155497551,0.11245507001876831,5.309568574400135,0.5522817895631766,2766.328178263518,0.2561775743961334,0.06204856559634209,0.09091944992542267,0.3997157287545277
unlabeled,Office3.wav,287,0.047442901879549026,0.09621310234069824,6.141259458003004,0.47072042093365735,2085.298352593005,0.15279161930084229,0.05593133717775345,0.08510978519916534,0.44467466862432004
unlabeled,Office3.wav,288,0.04391707852482796,0.10338053852319717,7.436106950643492,0.515463264697306,2227.4285828728007,0.17829211056232452,0.06722009927034378,0.11853596568107605,0.5022799759952113
unlabeled,Office3.wav,289,0.04264950379729271,0.0827898159623146,5.761258678424892,0.6019769630692234,2783.488917320648,0.2521212697029114,0.0763702318072319,0.08263802528381348,0.3875356662149762
unlabeled,Office3.wav,290,0.052575696259737015,0.09361956268548965,5.011631500132308,0.5156057431492385,2356.9640128684523,0.2078489065170288,0.10829048603773117,0.07981877028942108,0.4393267827480524
unlabeled,Office3.wav,291,0.030109889805316925,0.052662815898656845,4.855898210809333,0.4992804843542264,2164.1561480681357,0.15626415610313416,0.06264106184244156,0.047217682003974915,0.528399135308289
unlabeled,Office3.wav,292,0.027387935668230057,0.0672709122300148,7.805360339456567,0.5361517940964831,2347.822949855033,0.18995782732963562,0.06445738673210144,0.06773045659065247,0.38958283189107507
unlabeled,Office3.wav,293,0.029633011668920517,0.05821752920746803,5.865559539517755,0.4602256730703809,2057.468591884266,0.16342562437057495,0.0907435417175293,0.054470568895339966,0.5087733895099896
unlabeled,Office3.wav,294,0.025155335664749146,0.05388912558555603,6.617420380137393,0.45819854155576567,2065.501873315389,0.15865467488765717,0.07175210863351822,0.05740553140640259,0.44866132766890837
unlabeled,Office3.wav,295,0.02890062890946865,0.05273621529340744,5.224033288193624,0.5177273642792543,2420.340094478741,0.20190031826496124,0.10936172306537628,0.044868290424346924,0.42099180981700407
unlabeled,Office3.wav,296,0.029071377590298653,0.058620017021894455,6.091606550259047,0.47899022292706417,2363.5031627605567,0.20642971992492676,0.11611072719097137,0.06912552565336227,0.4205848626462053
unlabeled,Office3.wav,297,0.02261836640536785,0.048630982637405396,6.649036177094956,0.4960458252758477,2203.9623941667305,0.17389357089996338,0.10756779462099075,0.04805094748735428,0.49730089092534463
unlabeled,Office3.wav,298,0.029975272715091705,0.07333456724882126,7.7709117934938625,0.42507469861698777,2439.041347145182,0.26993685960769653,0.17794166505336761,0.08564705401659012,0.48482374374056886
unlabeled,Office3.wav,299,0.02704395167529583,0.08327127248048782,9.76850097832055,0.4702753460968665,2410.0820841636205,0.24536240100860596,0.13635379076004028,0.10039477795362473,0.5206299583838618
unlabeled,Office3.wav,300,0.038069162517786026,0.0760774090886116,6.013647805584135,0.4465282322217998,2062.166631340409,0.14489537477493286,0.0543096587061882,0.0831456109881401,0.5857696893627311
unlabeled,Office3.wav,301,0.03048071265220642,0.07805437594652176,8.1674427639352,0.44045601485305413,2192.867428650612,0.17315879464149475,0.07779570668935776,0.08790715038776398,0.5164000540341347
unlabeled,Office3.wav,302,0.025391535833477974,0.04854840040206909,5.629719077630977,0.5129654506366614,2358.9887280405555,0.19845296442508698,0.09305921196937561,0.04465565085411072,0.41933855938064013
unlabeled,Office3.wav,303,0.018796687945723534,0.05991203337907791,10.068654528705789,0.46413605760210125,2140.6409332030726,0.15618865191936493,0.0778251588344574,0.06519323587417603,0.41464934702541595
unlabeled,Office3.wav,304,0.01778995431959629,0.054962608963251114,9.79785010091528,0.5353822662222482,2250.638123882825,0.1881108433008194,0.0693410262465477,0.07451505213975906,0.4081448087519979
unlabeled,Office3.wav,305,0.025986842811107635,0.04793670400977135,5.318292992771906,0.4646788102870738,2029.6069645003422,0.1540900319814682,0.08224079757928848,0.04429201781749725,0.4093047589801655
unlabeled,Office3.wav,306,0.028751032426953316,0.0702936127781868,7.765248386362817,0.43623587833284766,2056.4041152726895,0.1850409209728241,0.10162703692913055,0.07563640922307968,0.5142749620187607
unlabeled,Office3.wav,307,0.018909333273768425,0.03750080242753029,5.947286865470311,0.4791661741771599,2133.350787554404,0.1591378003358841,0.07159542292356491,0.03506892919540405,0.4456186884666267
unlabeled,Office3.wav,308,0.021782131865620613,0.04762380197644234,6.794473595383428,0.3736936935117388,1729.9695497712735,0.14553451538085938,0.11303474754095078,0.054952070116996765,0.4124966822398277
unlabeled,Office3.wav,309,0.022700456902384758,0.04764377698302269,6.439431671040047,0.37108313132044585,1521.5750068514521,0.09582690894603729,0.03706272691488266,0.050059638917446136,0.4698444322071446
unlabeled,Office3.wav,310,0.021588854491710663,0.04912528768181801,7.141510126436551,0.44759159769104945,1980.403069058381,0.14812131226062775,0.09222862869501114,0.05048209801316261,0.42306163071069414
unlabeled,Office3.wav,311,0.03252744302153587,0.05756714567542076,4.95849542409124,0.4194494246833399,1926.7906648396204,0.1356000453233719,0.06192123889923096,0.048836518079042435,0.4460049977259269
unlabeled,Office3.wav,312,0.021335335448384285,0.0589846670627594,8.832793111621836,0.44484526715281797,2141.389514528389,0.16696862876415253,0.094569131731987,0.06972113251686096,0.40162356634274543
unlabeled,Office3.wav,313,0.023390602320432663,0.05227413773536682,6.984909430920179,0.43049997954947605,1875.1179083942354,0.1467473953962326,0.11431031674146652,0.05278109014034271,0.4050131174847137
unlabeled,Office3.wav,314,0.01640184223651886,0.04496254399418831,8.75916487659281,0.4290534103576461,1793.21595930561,0.13128705322742462,0.0522800050675869,0.05537242442369461,0.5337521692469098
unlabeled,Office3.wav,315,0.019300397485494614,0.04461463913321495,7.2782226000144465,0.35644822453063396,1568.2692317047936,0.10775431990623474,0.04945997893810272,0.04961752891540527,0.47206668178510847
unlabeled,Office3.wav,316,0.01600141078233719,0.03355017676949501,6.430730738041196,0.44205593557471157,1829.2938127523594,0.1292790174484253,0.06806680560112,0.0335293672978878,0.4344891773160799
unlabeled,Office3.wav,317,0.012834588065743446,0.0335429310798645,8.344381469861638,0.45353249883120533,2100.739159463028,0.18003341555595398,0.08998992294073105,0.03909517079591751,0.49179254924575777
unlabeled,Office3.wav,318,0.020595412701368332,0.0486600287258625,7.468037215311545,0.4857525840497952,2120.4382164282406,0.16392889618873596,0.05238129943609238,0.05976974591612816,0.4073215453304826
unlabeled,Office3.wav,319,0.02902304008603096,0.0599585697054863,6.3021672376858575,0.4220882909746862,1848.5079295785442,0.14213746786117554,0.09655417501926422,0.06039374694228172,0.4517820362351352
unlabeled,Office3.wav,320,0.023008396849036217,0.04435673728585243,5.701464663966828,0.40818560914161517,1842.687202216036,0.12643557786941528,0.07240883260965347,0.04183836281299591,0.48944238044991034
unlabeled,Office3.wav,321,0.01860947720706463,0.03558413311839104,5.630444327780182,0.3856820848333182,1623.6518168036462,0.10350675135850906,0.036590225994586945,0.032608937472105026,0.4704182492526223
unlabeled,Office3.wav,322,0.02567371353507042,0.05252784490585327,6.218017822881833,0.41364817354186206,1899.2085810695105,0.1320771723985672,0.06506011635065079,0.05486492067575455,0.36758245441144494
unlabeled,Office3.wav,323,0.023813094943761826,0.04955122992396355,6.364771884458557,0.3954199064711206,1744.2239748983218,0.12642550468444824,0.08639045804738998,0.04765176773071289,0.429422832868532
unlabeled,Office3.wav,324,0.01952175982296467,0.04931258037686348,8.048775235212444,0.39676216039179185,1655.236433556344,0.11003411561250687,0.042499419301748276,0.05847740173339844,0.48845010920263465
unlabeled,Office3.wav,325,0.019944222643971443,0.05061357468366623,8.088997925637333,0.5353520648227913,2431.087215276461,0.2029622197151184,0.07562427967786789,0.06871862709522247,0.46073351585463923
unlabeled,Office3.wav,326,0.01942787505686283,0.038054972887039185,5.839722279108015,0.5611262282103336,2443.619114761801,0.21370193362236023,0.07306814938783646,0.03289037197828293,0.439747536163178
unlabeled,Office3.wav+Office4.wav,327,0.017831427976489067,0.032242607325315475,5.144880586185212,0.52152045154896,2403.1787203960193,0.199665829539299,0.09493769705295563,0.028822481632232666,0.3132346726430857
unlabeled,Office4.wav,328,0.016740502789616585,0.0373360738158226,6.967202949650021,0.4376131862745907,2532.7303191418405,0.22796952724456787,0.16507573425769806,0.04666024446487427,0.3964859475283193
unlabeled,Office4.wav,329,0.00992568675428629,0.019158190116286278,5.711878228422212,0.4200522632244664,1780.5251033723487,0.10861994326114655,0.05958380177617073,0.015884704887866974,0.29125316318010064
unlabeled,Office4.wav,330,0.008432590402662754,0.01634293422102928,5.74738048843871,0.4155975435853647,1835.1382934335782,0.10905275493860245,0.05394272133708,0.015677420422434807,0.259934908655509
unlabeled,Office4.wav,331,0.008563448674976826,0.016092466190457344,5.47947807739333,0.4727678911793213,2088.964600708302,0.1298477202653885,0.06413991004228592,0.014607886783778667,0.23897422856717912
unlabeled,Office4.wav,334,0.007876568473875523,0.016590585932135582,6.470493372028983,0.4714394564221512,2025.5308893805343,0.13652101159095764,0.08401228487491608,0.01646089367568493,0.2603245844850064
unlabeled,Office4.wav,335,0.007203095592558384,0.018397590145468712,8.1448351511924,0.4385290557323347,1850.611962552888,0.11808134615421295,0.07296960055828094,0.020248934626579285,0.2463939712988299
unlabeled,Office4.wav,337,0.009559051133692265,0.023298483341932297,7.7382572660110664,0.4416941671930972,1888.8632354079546,0.12825235724449158,0.07480864971876144,0.029849572107195854,0.27952753820171944
unlabeled,Office4.wav,338,0.009941929019987583,0.019559049978852272,5.877541922032126,0.5269306545075999,2220.745662250101,0.16298779845237732,0.068266861140728,0.01911865919828415,0.2558302613583147
unlabeled,Office4.wav,347,0.007443365175276995,0.015382952056825161,6.305407145390804,0.45911195034767455,1949.315194174125,0.11537377536296844,0.05638313665986061,0.016318129375576973,0.15213480600525292
unlabeled,Office4.wav,353,0.009796056896448135,0.017453668639063835,5.016708514462314,0.43147583613599644,1894.0150386091993,0.1283026784658432,0.06637890636920929,0.014565354213118553,0.36165751616268466
unlabeled,Office4.wav,363,0.009973819367587566,0.020874764770269394,6.415201788311359,0.4603603280113566,1979.0570302213819,0.11478998512029648,0.05719172582030296,0.02105947956442833,0.2210495549669167
unlabeled,Office4.wav,364,0.009832769632339478,0.02300393581390381,7.3825256046904,0.5354665670130089,2280.4375566921162,0.14712484180927277,0.0880071297287941,0.023346904665231705,0.18433191778318817
unlabeled,Office4.wav,365,0.007015938870608807,0.016505425795912743,7.430818649866312,0.5099736712894374,2226.2378177074625,0.13743695616722107,0.07818038016557693,0.019677545875310898,0.11724553576667923
unlabeled,Office4.wav,368,0.006759325973689556,0.015804348513484,7.3774640651179135,0.5130724105427855,2097.473312383498,0.13233888149261475,0.08415363729000092,0.017126446589827538,0.2060991071364244
unlabeled,Office7.wav,377,0.01398572325706482,0.030817626044154167,6.862284977057333,0.4580723273051678,1975.9025935247969,0.11872050166130066,0.08156269043684006,0.03135429695248604,0.19991606227914854
unlabeled,Office7.wav,378,0.01073670294135809,0.029932506382465363,8.905442875786271,0.4152824693076733,2097.4547521053537,0.14848870038986206,0.11451985687017441,0.03765382245182991,0.2148995675446172
unlabeled,Office7.wav,379,0.014834150671958923,0.05826771631836891,11.883306182079076,0.39597238939418083,1537.9892219865349,0.09223862737417221,0.0558527335524559,0.07889073342084885,0.33309856811107413
unlabeled,Office7.wav,380,0.017521029338240623,0.05264432728290558,9.555839238560015,0.271194583041771,1098.2727401125342,0.0526668056845665,0.02443758025765419,0.0668133869767189,0.21793908643216287
unlabeled,Office7.wav,381,0.01262542326003313,0.04013169929385185,10.04483201121702,0.38216126834370273,1587.8079523974097,0.08416120707988739,0.06467282772064209,0.058048173785209656,0.21080806280335843
unlabeled,Office7.wav,383,0.007441756781190634,0.021352015435695648,9.155267981146777,0.35162459382392086,1464.712598516616,0.07403548806905746,0.03712804242968559,0.0327797494828701,0.23619290664242568
unlabeled,Office7.wav,384,0.016610518097877502,0.03238390013575554,5.7989194314053085,0.37077094805928995,1689.1617498365736,0.10372316837310791,0.07003743946552277,0.029598776251077652,0.2614991981417947
unlabeled,Office7.wav,385,0.009739757515490055,0.021508214995265007,6.881124438320291,0.48087839791761416,2120.4951605975475,0.13179536163806915,0.09070593863725662,0.023069806396961212,0.15713008104429022
unlabeled,Office7.wav,386,0.01168354507535696,0.030053701251745224,8.20646648621787,0.42492342464797617,1958.7209851513066,0.12738169729709625,0.0773014947772026,0.032184749841690063,0.21975357498459644
unlabeled,Office7.wav,387,0.010304258204996586,0.0388760045170784,11.533297761529422,0.44605674546734675,2262.738282344344,0.18155328929424286,0.11579816788434982,0.05805177241563797,0.16117837589837214
unlabeled,Office7.wav,388,0.007317302282899618,0.020831596106290817,9.087430927602448,0.506671187555844,2119.3949296578667,0.14089439809322357,0.11203771829605103,0.027414441108703613,0.13857752945563662
unlabeled,Office7.wav,389,0.023320544511079788,0.052464164793491364,7.042481517998449,0.2983962044343332,1290.4792431021053,0.06261637806892395,0.03497752174735069,0.05888424068689346,0.29122789945526706
unlabeled,Office7.wav,390,0.014181656762957573,0.03306470438838005,7.352753451152969,0.40601973074241315,1694.1132424770285,0.09451340138912201,0.06424733996391296,0.037223950028419495,0.2758522403767185
unlabeled,Office7.wav,391,0.01706400327384472,0.03495754674077034,6.229200398827352,0.39757308389534884,1703.7123943091412,0.09627482295036316,0.05042196437716484,0.039379578083753586,0.21929294181069633
unlabeled,Office7.wav,392,0.007033748552203178,0.026645852252840996,11.568855443089774,0.47108129133791815,2068.944836927515,0.13747219741344452,0.09282339364290237,0.05369967967271805,0.17682537082638813
unlabeled,Office7.wav,393,0.007384973112493753,0.027526823803782463,11.428143604856256,0.49743058150881214,2213.696840305057,0.16290727257728577,0.11520121991634369,0.041107866913080215,0.1448843493735381
unlabeled,Office7.wav,397,0.011441267095506191,0.029975812882184982,8.365936849230893,0.3777428070363385,1640.3068654026858,0.08934484422206879,0.0838792622089386,0.036053359508514404,0.29686071839133943
unlabeled,Office7.wav,398,0.006979685742408037,0.019089333713054657,8.739097942666348,0.4722059336769675,2004.8809872655079,0.12523779273033142,0.07228256016969681,0.022530430927872658,0.1584101814468441
unlabeled,Office7.wav,400,0.006827844772487879,0.03207556903362274,13.437814511483545,0.4725968297471711,1878.080610103871,0.12244970351457596,0.08293148130178452,0.04432739317417145,0.2213549817900279
unlabeled,Office7.wav,401,0.010338526219129562,0.03262954577803612,9.983047836938221,0.570023737026225,2496.4047586314423,0.20659077167510986,0.11048149317502975,0.04256554692983627,0.2039846631402784
