Filename,Actual,Predicted,Confidence (%),Prediction Time (sec)
clip_001.wav,location_C,2,77.0,0.042870900011621416
clip_002.wav,location_C,2,95.0,0.010338400024920702
clip_003.wav,location_C,2,72.0,0.011710099992342293
clip_004.wav,location_C,2,78.0,0.008792800013907254
clip_005.wav,location_C,2,85.0,0.00842289999127388
clip_006.wav,location_C,2,75.0,0.007498499995563179
clip_007.wav,location_C,2,75.0,0.007911299995612353
clip_008.wav,location_C,2,60.0,0.008055699989199638
clip_009.wav,location_C,2,75.0,0.007494900026358664
clip_010.wav,location_C,2,84.0,0.0076638999744318426
clip_011.wav,location_C,2,68.0,0.008731700014322996
clip_012.wav,location_C,2,91.0,0.007773399993311614
clip_013.wav,location_C,2,65.0,0.009927999984938651
clip_014.wav,location_C,2,67.0,0.00785100000211969
clip_015.wav,location_C,2,93.0,0.008824799966532737
clip_016.wav,location_C,2,86.0,0.007674499996937811
clip_017.wav,location_C,2,77.0,0.007583400001749396
clip_018.wav,location_C,2,73.0,0.007492400007322431
clip_019.wav,location_C,2,81.0,0.010651100019458681
clip_020.wav,location_C,2,76.0,0.008240900002419949
clip_021.wav,location_C,2,76.0,0.007703099981881678
clip_022.wav,location_C,2,60.0,0.009852899995166808
clip_023.wav,location_C,2,84.0,0.007625300029758364
clip_024.wav,location_C,2,75.0,0.00952379999216646
clip_025.wav,location_C,2,94.0,0.00784820003900677
clip_026.wav,location_C,2,90.0,0.009412400017026812
clip_027.wav,location_C,2,86.0,0.008568599994760007
clip_028.wav,location_C,2,82.0,0.010379200044553727
clip_001.wav,location_E,2,47.0,0.007910799991805106
clip_002.wav,location_E,4,49.0,0.007924599980469793
clip_003.wav,location_E,2,54.0,0.007550999987870455
clip_004.wav,location_E,2,57.99999999999999,0.007499999948777258
clip_005.wav,location_E,4,31.0,0.007693700026720762
clip_006.wav,location_E,2,41.0,0.008983500010799617
clip_007.wav,location_E,3,49.0,0.009800500003620982
clip_008.wav,location_E,2,44.0,0.007873800001107156
clip_009.wav,location_E,3,47.0,0.014579300011973828
clip_010.wav,location_E,2,39.0,0.008069699979387224
clip_011.wav,location_E,4,43.0,0.012272600026335567
clip_012.wav,location_E,4,28.000000000000004,0.009441599948331714
clip_013.wav,location_E,2,57.99999999999999,0.007872799993492663
clip_014.wav,location_E,4,30.0,0.008707200002390891
clip_015.wav,location_E,3,25.0,0.010847400000784546
clip_016.wav,location_E,2,50.0,0.007710699981544167
clip_017.wav,location_E,4,72.0,0.00845560000743717
clip_018.wav,location_E,4,39.0,0.009101100033149123
clip_019.wav,location_E,2,31.0,0.009283299965318292
clip_020.wav,location_E,6,26.0,0.00799469999037683
clip_021.wav,location_E,3,18.0,0.010880400019232184
clip_022.wav,location_E,4,34.0,0.007312300032936037
clip_023.wav,location_E,4,28.999999999999996,0.007722700014710426
clip_024.wav,location_E,1,25.0,0.010233699984382838
clip_025.wav,location_E,2,31.0,0.007608400017488748
clip_026.wav,location_E,2,52.0,0.009232399985194206
clip_027.wav,location_E,4,22.0,0.008991999959107488
clip_028.wav,location_E,2,51.0,0.007400399947073311
clip_029.wav,location_E,3,41.0,0.008244500029832125
clip_030.wav,location_E,3,40.0,0.007594899972900748
